,wall_time,step,value
0,1645082825.2573724,720,-990.9905395507812
1,1645082973.4539738,1440,-763.879150390625
2,1645083122.5363128,2160,-1018.0283203125
3,1645083274.56756,2880,-951.5675048828125
4,1645083425.9117362,3600,-926.7330322265625
5,1645083572.2945824,4320,-845.9389038085938
6,1645083720.2049844,5040,-929.6950073242188
7,1645083872.2123802,5760,-930.8436279296875
8,1645084020.8897207,6480,-1044.3038330078125
9,1645084166.4199913,7200,-1259.410888671875
10,1645084311.5104668,7920,-749.4324951171875
11,1645084458.2359223,8640,-1418.9022216796875
12,1645084598.4614868,9360,-827.0111083984375
13,1645084740.0408828,10080,-756.366943359375
14,1645084882.1016922,10800,-1055.23583984375
15,1645085024.4416125,11520,-1123.593017578125
16,1645085167.265454,12240,-1463.727783203125
17,1645085303.6418703,12960,-1028.419677734375
18,1645085445.2926738,13680,-1398.3897705078125
19,1645085580.749744,14400,-945.181640625
20,1645085718.75676,15120,-1333.85498046875
21,1645085854.699456,15840,-776.681640625
22,1645085994.0527396,16560,-1366.1202392578125
23,1645086132.1851203,17280,-914.8114013671875
24,1645086266.3742208,18000,-665.098876953125
25,1645086403.9806597,18720,-822.1486206054688
26,1645086529.3685436,19440,-679.73779296875
27,1645086660.825832,20160,-876.1611328125
28,1645086788.6128533,20880,-972.3716430664062
29,1645086919.9765646,21600,-1196.12890625
30,1645087049.138222,22320,-1028.8016357421875
31,1645087183.1253848,23040,-1206.53662109375
32,1645087313.816905,23760,-1044.1519775390625
33,1645087442.0507038,24480,-889.998046875
34,1645087572.8561807,25200,-925.3377685546875
35,1645087704.209502,25920,-687.70556640625
36,1645087832.6443925,26640,-662.7211303710938
37,1645087963.7970715,27360,-656.20361328125
38,1645088092.646939,28080,-780.3724975585938
39,1645088216.2828016,28800,-927.3552856445312
40,1645088341.524506,29520,-1240.0555419921875
41,1645088461.1049032,30240,-578.6197509765625
42,1645088588.4125173,30960,-1108.0086669921875
43,1645088712.2711542,31680,-717.8961181640625
44,1645088835.0097551,32400,-852.988037109375
45,1645088959.4703712,33120,-1026.862548828125
46,1645089084.4944305,33840,-920.0433349609375
47,1645089212.9267478,34560,-1046.618896484375
48,1645089343.0315723,35280,-1241.4464111328125
49,1645089468.6065176,36000,-679.1414184570312
50,1645089599.014012,36720,-939.2908325195312
51,1645089726.3882458,37440,-981.032470703125
52,1645089857.2549322,38160,-1036.91748046875
53,1645089988.9602253,38880,-1249.7249755859375
54,1645090113.0040452,39600,-611.5933227539062
55,1645090233.693424,40320,-633.5671997070312
56,1645090358.798022,41040,-910.2672119140625
57,1645090489.027379,41760,-1226.9453125
58,1645090615.038572,42480,-989.683349609375
59,1645090736.5669644,43200,-877.6097412109375
60,1645090862.3666418,43920,-938.9400024414062
61,1645090991.5917726,44640,-879.8114013671875
62,1645091121.9195433,45360,-1053.9453125
63,1645091249.5400932,46080,-956.2827758789062
64,1645091377.3170056,46800,-951.5833129882812
65,1645091502.4412851,47520,-1253.8349609375
66,1645091632.7282531,48240,-1517.9161376953125
67,1645091755.6716218,48960,-630.2899780273438
68,1645091882.6170895,49680,-795.2186279296875
69,1645092009.9211264,50400,-825.915283203125
70,1645092131.59412,51120,-570.001953125
71,1645092254.0479298,51840,-735.943359375
72,1645092381.2982314,52560,-1084.463623046875
73,1645092506.4337704,53280,-733.9403076171875
74,1645092636.738484,54000,-1001.20166015625
75,1645092767.1206203,54720,-1270.246337890625
76,1645092890.5865543,55440,-847.4469604492188
77,1645093014.7410493,56160,-768.83251953125
78,1645093138.1900024,56880,-669.255859375
79,1645093265.8629248,57600,-871.5213623046875
80,1645093394.2687178,58320,-874.47802734375
81,1645093519.8265293,59040,-830.630859375
82,1645093645.9517355,59760,-839.0247192382812
83,1645093769.5209024,60480,-623.9930419921875
84,1645093896.0884726,61200,-756.6763916015625
85,1645094019.7432601,61920,-1019.4658203125
86,1645094145.3094974,62640,-1180.7294921875
87,1645094269.4134257,63360,-653.9086303710938
88,1645094395.6607468,64080,-829.01806640625
89,1645094517.408042,64800,-688.8394165039062
90,1645094649.1730938,65520,-1497.0855712890625
91,1645094773.2165456,66240,-759.8110961914062
92,1645094897.2924309,66960,-801.4230346679688
93,1645095023.1496832,67680,-1028.574951171875
94,1645095150.7902546,68400,-1446.812744140625
95,1645095275.731211,69120,-929.0947265625
96,1645095402.7683413,69840,-857.2933349609375
97,1645095522.201403,70560,-627.2919311523438
98,1645095648.2606595,71280,-999.1705322265625
99,1645095774.0916245,72000,-764.1302490234375
100,1645095897.3113446,72720,-626.70556640625
101,1645096026.2105763,73440,-1016.9630737304688
102,1645096148.9722733,74160,-728.5558471679688
103,1645096273.878651,74880,-1098.01806640625
104,1645096401.0582626,75600,-916.9491577148438
105,1645096521.1263223,76320,-616.1822509765625
106,1645096647.103393,77040,-877.3866577148438
107,1645096773.2904015,77760,-991.8236083984375
108,1645096898.5196366,78480,-882.556396484375
109,1645097023.8486505,79200,-837.2327880859375
110,1645097150.9337716,79920,-714.2830810546875
111,1645097276.8421543,80640,-981.5466918945312
112,1645097400.0511713,81360,-757.01025390625
113,1645097528.8324244,82080,-866.3311157226562
114,1645097663.609288,82800,-1212.2047119140625
115,1645097795.1383095,83520,-905.717529296875
116,1645097921.6950321,84240,-849.6463623046875
117,1645098050.179064,84960,-922.1358032226562
118,1645098178.2805462,85680,-1053.1182861328125
119,1645098307.3710868,86400,-825.7186279296875
120,1645098437.3182602,87120,-1087.6378173828125
121,1645098565.3859863,87840,-976.9169311523438
122,1645098698.8894112,88560,-1423.3175048828125
123,1645098825.8516786,89280,-825.520263671875
124,1645098955.14854,90000,-936.76416015625
125,1645099084.4559796,90720,-1147.7935791015625
126,1645099219.3726954,91440,-1360.612548828125
127,1645099352.9870088,92160,-1120.975830078125
128,1645099481.8976684,92880,-1239.7493896484375
129,1645099609.1658766,93600,-1028.9383544921875
130,1645099739.0937216,94320,-1207.7841796875
131,1645099870.8629584,95040,-905.1085815429688
132,1645100004.9415984,95760,-1063.7532958984375
133,1645100137.0378232,96480,-1323.6746826171875
134,1645100270.0573945,97200,-1442.2633056640625
135,1645100399.7213404,97920,-1005.77001953125
136,1645100527.22507,98640,-917.5991821289062
137,1645100657.1869066,99360,-1165.951416015625
138,1645100787.9313014,100080,-1293.667236328125
139,1645100917.275073,100800,-983.748046875
140,1645101048.4527583,101520,-1022.64111328125
141,1645101177.4870625,102240,-1127.4666748046875
142,1645101311.6812384,102960,-1163.1422119140625
143,1645101440.714077,103680,-1127.06689453125
144,1645101569.528129,104400,-1026.7493896484375
145,1645101696.5440874,105120,-1139.024169921875
146,1645101825.8030627,105840,-1176.56494140625
147,1645101958.5534694,106560,-1433.68115234375
148,1645102086.2214315,107280,-1178.4033203125
149,1645102213.6047719,108000,-957.8261108398438
150,1645102337.4684918,108720,-790.2813720703125
151,1645102458.6593688,109440,-826.004150390625
152,1645102584.3601766,110160,-915.774169921875
153,1645102706.361579,110880,-803.4530639648438
154,1645102830.092827,111600,-987.8980712890625
155,1645102951.3523462,112320,-859.2416381835938
156,1645103073.273205,113040,-913.8150024414062
157,1645103196.1245706,113760,-686.0621948242188
158,1645103316.9109507,114480,-762.8289184570312
159,1645103437.7385464,115200,-621.5172119140625
160,1645103555.693271,115920,-610.2505493164062
161,1645103672.8523295,116640,-518.9291381835938
162,1645103792.1519692,117360,-577.467529296875
163,1645103909.6467073,118080,-702.9288940429688
164,1645104033.4710114,118800,-786.647216796875
165,1645104149.7362103,119520,-634.7794189453125
166,1645104271.9467442,120240,-709.290283203125
167,1645104391.7387757,120960,-641.07275390625
168,1645104513.2803884,121680,-946.0308227539062
169,1645104638.788434,122400,-846.7244262695312
170,1645104755.816884,123120,-669.136962890625
171,1645104875.1977923,123840,-637.3922119140625
172,1645104991.0378437,124560,-703.5283203125
173,1645105114.3769965,125280,-859.2630615234375
174,1645105235.4122257,126000,-868.6375122070312
175,1645105357.3049586,126720,-890.70556640625
176,1645105477.577897,127440,-732.4772338867188
177,1645105593.7893345,128160,-689.699462890625
178,1645105711.1493063,128880,-715.4641723632812
179,1645105828.3323774,129600,-662.5399780273438
180,1645105946.7606583,130320,-623.9769287109375
181,1645106066.7440004,131040,-719.1347045898438
182,1645106191.9016078,131760,-825.5330810546875
183,1645106312.0927737,132480,-627.4033203125
184,1645106429.9449139,133200,-584.9263916015625
185,1645106549.55084,133920,-775.0596923828125
186,1645106673.5426793,134640,-796.7503051757812
187,1645106792.5369325,135360,-602.7655639648438
188,1645106919.181451,136080,-769.6599731445312
189,1645107041.5822299,136800,-806.7974853515625
190,1645107163.9334579,137520,-954.5319213867188
191,1645107285.2400723,138240,-913.9419555664062
192,1645107403.817186,138960,-748.8194580078125
193,1645107528.1870172,139680,-958.8074951171875
194,1645107648.3383942,140400,-863.7391967773438
195,1645107768.2726738,141120,-743.3294677734375
196,1645107889.3082452,141840,-863.794189453125
197,1645108010.482267,142560,-777.661376953125
198,1645108134.3711588,143280,-1137.5947265625
199,1645108258.0810363,144000,-984.2133178710938
200,1645108379.4739418,144720,-776.8155517578125
201,1645108499.130713,145440,-940.2083129882812
202,1645108617.6220105,146160,-855.8594360351562
203,1645108743.026107,146880,-1318.2086181640625
204,1645108866.4170978,147600,-1025.697509765625
205,1645108998.9649754,148320,-1505.443359375
206,1645109128.501275,149040,-1512.3983154296875
207,1645109251.2079866,149760,-1010.8058471679688
208,1645109369.89285,150480,-767.9508056640625
209,1645109493.0235045,151200,-999.1296997070312
210,1645109610.7756944,151920,-811.842529296875
211,1645109736.8744688,152640,-1270.484130859375
212,1645109863.8080182,153360,-1430.5235595703125
213,1645109993.188657,154080,-1317.7305908203125
214,1645110119.4072943,154800,-1175.4708251953125
215,1645110245.2722309,155520,-1189.0496826171875
216,1645110380.0143368,156240,-1907.0577392578125
217,1645110507.482422,156960,-1561.695556640625
218,1645110637.001825,157680,-1841.37939453125
219,1645110761.647223,158400,-1465.97998046875
220,1645110885.1436749,159120,-1227.23974609375
221,1645111007.2712846,159840,-1097.3419189453125
222,1645111137.1200845,160560,-1464.9744873046875
223,1645111257.564906,161280,-1254.558349609375
224,1645111384.3959742,162000,-1496.44921875
225,1645111507.6644704,162720,-1433.37060546875
226,1645111632.0606055,163440,-1428.2874755859375
227,1645111748.7064116,164160,-1136.5419921875
228,1645111867.634353,164880,-859.366943359375
229,1645111992.1960979,165600,-1258.0814208984375
230,1645112112.6401203,166320,-1143.218017578125
231,1645112239.3176775,167040,-1509.6422119140625
232,1645112366.5558138,167760,-1554.3310546875
233,1645112497.9856424,168480,-1757.0352783203125
234,1645112626.413083,169200,-1748.9832763671875
235,1645112753.5541034,169920,-1317.4119873046875
236,1645112877.8522286,170640,-1581.0439453125
237,1645113006.2866235,171360,-1453.594970703125
238,1645113131.567554,172080,-1534.21337890625
239,1645113253.5199866,172800,-1223.626708984375
240,1645113374.8353906,173520,-1198.2352294921875
241,1645113498.3341587,174240,-1318.6583251953125
242,1645113621.583897,174960,-1507.07421875
243,1645113741.5742545,175680,-1012.8922119140625
244,1645113859.3275268,176400,-1063.9405517578125
245,1645113974.4987085,177120,-895.076416015625
246,1645114098.4049673,177840,-1241.8641357421875
247,1645114221.292188,178560,-1039.57470703125
248,1645114346.2876213,179280,-1316.9580078125
249,1645114468.0143266,180000,-1100.3521728515625
250,1645114591.1344388,180720,-1194.207275390625
251,1645114712.3243322,181440,-1072.1400146484375
252,1645114835.3370273,182160,-973.4736328125
253,1645114956.032564,182880,-757.2108154296875
254,1645115079.3529255,183600,-1018.280029296875
255,1645115199.4269304,184320,-1099.4849853515625
256,1645115323.7378845,185040,-1030.5047607421875
257,1645115445.9604218,185760,-754.79248046875
258,1645115568.0199192,186480,-1007.9724731445312
259,1645115695.7005131,187200,-1184.3636474609375
260,1645115828.6434095,187920,-1793.7391357421875
261,1645115954.5235336,188640,-894.9652709960938
262,1645116084.217404,189360,-1374.2314453125
263,1645116213.8714054,190080,-1387.901123046875
264,1645116341.4114645,190800,-1289.660888671875
265,1645116473.5459657,191520,-1424.580322265625
266,1645116605.2300377,192240,-1284.3460693359375
267,1645116735.7140248,192960,-1371.2125244140625
268,1645116863.5665402,193680,-1245.506103515625
269,1645116993.2198868,194400,-1008.5003051757812
270,1645117121.449582,195120,-1178.45166015625
271,1645117246.9581997,195840,-970.0003051757812
272,1645117372.7374766,196560,-957.010009765625
273,1645117498.356211,197280,-1075.7344970703125
274,1645117622.0499573,198000,-1092.9300537109375
275,1645117748.7455256,198720,-1205.824951171875
276,1645117879.9439607,199440,-1371.43994140625
277,1645118002.699574,200160,-1117.8533935546875
278,1645118129.505213,200880,-1238.1094970703125
279,1645118254.6670074,201600,-924.7211303710938
280,1645118380.3607435,202320,-1163.25830078125
281,1645118509.9928305,203040,-1066.1619873046875
282,1645118642.7204754,203760,-1552.5244140625
283,1645118773.878825,204480,-1270.249755859375
284,1645118893.658527,205200,-700.1819458007812
285,1645119026.7414443,205920,-1469.830810546875
286,1645119150.3757243,206640,-950.6052856445312
287,1645119275.1582026,207360,-1160.72607421875
288,1645119403.212394,208080,-977.2466430664062
289,1645119529.6997209,208800,-1283.9005126953125
290,1645119657.0335088,209520,-1153.4161376953125
291,1645119781.535357,210240,-939.7991943359375
292,1645119904.1182091,210960,-798.1466674804688
293,1645120028.7874672,211680,-979.5191650390625
294,1645120153.6032746,212400,-1102.013671875
295,1645120277.8221009,213120,-955.7930297851562
296,1645120400.1956425,213840,-1184.6875
297,1645120531.3317342,214560,-1513.8057861328125
298,1645120656.3529918,215280,-1360.630615234375
299,1645120782.8279538,216000,-1202.1546630859375
300,1645120905.5920303,216720,-784.6878051757812
301,1645121032.5716393,217440,-1097.624755859375
302,1645121163.5239327,218160,-1644.006103515625
303,1645121289.6348536,218880,-1102.7064208984375
304,1645121416.8032684,219600,-1347.6502685546875
305,1645121542.4612896,220320,-1161.044189453125
306,1645121667.527176,221040,-1332.8486328125
307,1645121799.176529,221760,-1587.0400390625
308,1645121918.7634478,222480,-981.302490234375
309,1645122042.4962485,223200,-1253.5311279296875
310,1645122170.2686396,223920,-1519.85693359375
311,1645122294.1726112,224640,-1284.54443359375
312,1645122421.9445148,225360,-1260.659423828125
313,1645122549.90848,226080,-1483.2744140625
314,1645122675.5286007,226800,-1500.3922119140625
315,1645122803.153385,227520,-1588.752197265625
316,1645122926.609494,228240,-1300.512451171875
317,1645123055.9360077,228960,-1948.6947021484375
318,1645123185.9586036,229680,-1792.066650390625
319,1645123314.5002508,230400,-1555.1822509765625
320,1645123440.0520067,231120,-1276.1383056640625
321,1645123570.892006,231840,-1584.3111572265625
322,1645123701.128289,232560,-1747.7889404296875
323,1645123826.02928,233280,-1506.701416015625
324,1645123951.9410217,234000,-1574.3699951171875
325,1645124076.773761,234720,-1688.3697509765625
326,1645124201.966249,235440,-1567.3961181640625
327,1645124331.491362,236160,-1578.0008544921875
328,1645124453.146643,236880,-1372.5816650390625
329,1645124582.0324519,237600,-1597.9619140625
330,1645124715.306482,238320,-1610.364990234375
331,1645124838.6208951,239040,-1660.262451171875
332,1645124967.003041,239760,-1545.2919921875
333,1645125096.0520768,240480,-1887.207763671875
334,1645125225.6554651,241200,-1733.753662109375
335,1645125353.016256,241920,-1709.465576171875
336,1645125481.7184362,242640,-1459.7552490234375
337,1645125612.3934474,243360,-1906.2913818359375
338,1645125740.651553,244080,-1785.859130859375
339,1645125864.9004374,244800,-1413.9503173828125
340,1645125989.851347,245520,-1645.431640625
341,1645126116.7351923,246240,-1674.1842041015625
342,1645126245.9726512,246960,-1450.05419921875
343,1645126367.14978,247680,-1298.852783203125
344,1645126492.4993284,248400,-1482.3486328125
345,1645126617.1005888,249120,-1345.9052734375
346,1645126739.9368951,249840,-1418.8675537109375
347,1645126870.5009427,250560,-2254.171875
348,1645126996.533225,251280,-1490.6297607421875
349,1645127123.3003225,252000,-1429.6419677734375
350,1645127253.3267508,252720,-1909.5869140625
351,1645127382.1906831,253440,-1543.665283203125
352,1645127514.5071247,254160,-1996.1302490234375
353,1645127635.591581,254880,-1115.6807861328125
354,1645127759.7416136,255600,-1304.4219970703125
355,1645127887.099512,256320,-1374.473388671875
356,1645128009.2425785,257040,-1354.7872314453125
357,1645128132.9512355,257760,-1168.589111328125
358,1645128257.0088766,258480,-1444.122802734375
359,1645128384.3333309,259200,-1568.6358642578125
360,1645128508.8169682,259920,-1348.4805908203125
361,1645128637.5372512,260640,-1376.292724609375
362,1645128765.379467,261360,-1672.0860595703125
363,1645128897.742545,262080,-1687.5391845703125
364,1645129020.803947,262800,-1512.9263916015625
365,1645129144.483025,263520,-1277.8699951171875
366,1645129272.136715,264240,-1519.8038330078125
367,1645129397.5582943,264960,-1411.1785888671875
368,1645129522.0886855,265680,-1350.667236328125
369,1645129650.1963098,266400,-1711.3900146484375
370,1645129778.9372375,267120,-1438.608642578125
371,1645129907.2930744,267840,-1520.7691650390625
372,1645130037.6311884,268560,-1853.6846923828125
373,1645130166.9253228,269280,-1556.308349609375
374,1645130292.2038276,270000,-1512.806640625
375,1645130421.246574,270720,-1489.1324462890625
376,1645130545.019815,271440,-1458.5352783203125
377,1645130670.5315635,272160,-1385.2264404296875
378,1645130792.1337729,272880,-1166.9041748046875
379,1645130916.3779671,273600,-1357.6402587890625
380,1645131044.599757,274320,-1418.3441162109375
381,1645131174.3723056,275040,-1566.73583984375
382,1645131299.9319026,275760,-1382.13720703125
383,1645131426.9990494,276480,-1767.54052734375
384,1645131549.7241046,277200,-1558.0618896484375
385,1645131675.7662313,277920,-1366.0960693359375
386,1645131792.4556623,278640,-1085.429443359375
387,1645131913.1431303,279360,-1111.214111328125
388,1645132033.986485,280080,-1293.4302978515625
389,1645132156.5313854,280800,-1291.8983154296875
390,1645132278.848111,281520,-1305.094482421875
391,1645132396.8669796,282240,-1172.738037109375
392,1645132515.1930351,282960,-1090.419677734375
393,1645132641.2531219,283680,-1556.941162109375
394,1645132765.2433016,284400,-1381.433349609375
395,1645132886.321122,285120,-1307.2750244140625
396,1645133010.5125372,285840,-1593.4522705078125
397,1645133129.6096334,286560,-1038.7467041015625
398,1645133250.2594106,287280,-1116.1243896484375
399,1645133370.7886543,288000,-1132.8375244140625
400,1645133493.61602,288720,-1153.5394287109375
401,1645133612.2878387,289440,-993.9019165039062
402,1645133729.9021409,290160,-1250.5999755859375
403,1645133848.188079,290880,-1351.4697265625
404,1645133969.4955559,291600,-1479.6417236328125
405,1645134089.3501158,292320,-1182.453857421875
406,1645134207.1980705,293040,-995.2972412109375
407,1645134322.8523896,293760,-967.9677734375
408,1645134442.6446598,294480,-1261.357177734375
409,1645134560.4483654,295200,-950.0955810546875
410,1645134679.8349652,295920,-1036.6707763671875
411,1645134799.698101,296640,-1233.4791259765625
412,1645134922.0741243,297360,-1399.850830078125
413,1645135038.2374423,298080,-896.4285888671875
414,1645135156.3332038,298800,-1002.8616943359375
415,1645135274.0153706,299520,-1042.885009765625
416,1645135393.261524,300240,-947.9969482421875
417,1645135511.7798285,300960,-1054.44775390625
418,1645135629.8836164,301680,-890.1336059570312
419,1645135747.367331,302400,-1048.9967041015625
420,1645135869.5243032,303120,-1181.0224609375
421,1645135985.0807598,303840,-748.2011108398438
422,1645136099.121791,304560,-728.5716552734375
423,1645136222.9916162,305280,-1262.457275390625
424,1645136349.0584714,306000,-1050.3111572265625
425,1645136469.302088,306720,-793.4747314453125
426,1645136586.0073833,307440,-767.004150390625
427,1645136707.2719615,308160,-968.3994140625
428,1645136828.177077,308880,-802.2127685546875
429,1645136952.426829,309600,-917.5025024414062
430,1645137077.991531,310320,-1117.0452880859375
431,1645137200.0284736,311040,-814.6019287109375
432,1645137320.4924693,311760,-1205.9063720703125
433,1645137443.2214787,312480,-755.0358276367188
434,1645137564.8475075,313200,-816.2991943359375
435,1645137688.9273975,313920,-881.0739135742188
436,1645137810.24252,314640,-786.9869384765625
437,1645137925.7690709,315360,-724.455810546875
438,1645138043.3630328,316080,-565.044189453125
439,1645138168.7435029,316800,-1041.923583984375
440,1645138287.5348258,317520,-772.5233154296875
441,1645138414.8691483,318240,-1055.2164306640625
442,1645138535.9809446,318960,-708.5927734375
443,1645138662.768936,319680,-1067.52001953125
444,1645138786.5536141,320400,-999.7552490234375
445,1645138909.9697711,321120,-761.2063598632812
446,1645139036.809745,321840,-982.35888671875
447,1645139164.5303135,322560,-1296.2171630859375
448,1645139294.420752,323280,-1203.71533203125
449,1645139412.85,324000,-875.8758544921875
450,1645139534.9198687,324720,-727.8252563476562
451,1645139653.697547,325440,-704.092529296875
452,1645139774.8067198,326160,-696.2911376953125
453,1645139895.5511026,326880,-863.9105834960938
454,1645140014.911801,327600,-766.9058227539062
455,1645140136.071319,328320,-827.3069458007812
456,1645140257.0402017,329040,-784.3336181640625
457,1645140382.5810106,329760,-1313.963623046875
458,1645140506.5976074,330480,-1130.980224609375
459,1645140625.3002012,331200,-857.5272216796875
460,1645140744.431711,331920,-912.4905395507812
461,1645140863.5175443,332640,-762.5014038085938
462,1645140981.45353,333360,-642.45361328125
463,1645141099.0908709,334080,-624.868896484375
464,1645141224.9485428,334800,-1252.1947021484375
465,1645141348.4163032,335520,-1378.564697265625
466,1645141470.0901558,336240,-995.48388671875
467,1645141593.1625772,336960,-967.8411254882812
468,1645141716.6042428,337680,-1211.056640625
469,1645141835.676036,338400,-849.947509765625
470,1645141957.1795366,339120,-900.3189086914062
471,1645142076.6628928,339840,-788.2230834960938
472,1645142195.6559882,340560,-896.2783203125
473,1645142319.3940642,341280,-937.9341430664062
474,1645142442.1965504,342000,-1052.82470703125
475,1645142563.5094604,342720,-629.1327514648438
476,1645142682.7423918,343440,-658.6488647460938
477,1645142803.5466628,344160,-853.3816528320312
478,1645142932.1692502,344880,-1282.9930419921875
479,1645143054.0685353,345600,-653.7591552734375
480,1645143178.7987554,346320,-1308.2003173828125
481,1645143304.8507576,347040,-972.4852905273438
482,1645143420.91287,347760,-744.998046875
483,1645143545.0925543,348480,-1049.2449951171875
484,1645143668.2968695,349200,-1146.236328125
485,1645143798.630743,349920,-1206.7569580078125
486,1645143925.0771902,350640,-1115.5272216796875
487,1645144049.172847,351360,-941.63525390625
488,1645144168.2083707,352080,-769.0958251953125
489,1645144290.6362143,352800,-1041.9769287109375
490,1645144412.9934864,353520,-939.3961181640625
491,1645144531.3860693,354240,-749.0294189453125
492,1645144655.5076857,354960,-1287.1163330078125
493,1645144780.4804456,355680,-1151.957763671875
494,1645144901.516538,356400,-870.23193359375
495,1645145032.1482813,357120,-959.0811157226562
496,1645145152.224413,357840,-848.094970703125
497,1645145269.010507,358560,-709.6941528320312
498,1645145383.904034,359280,-648.6980590820312
499,1645145502.2364585,360000,-564.6402587890625
500,1645145621.3579388,360720,-589.6155395507812
501,1645145742.249586,361440,-748.7897338867188
502,1645145860.165678,362160,-718.4727783203125
503,1645145981.2007077,362880,-847.3697509765625
504,1645146100.0792453,363600,-871.2330322265625
505,1645146223.861984,364320,-902.2247314453125
506,1645146343.5720026,365040,-624.9683227539062
507,1645146460.6461866,365760,-654.1072387695312
508,1645146579.0066192,366480,-662.12109375
509,1645146701.7728486,367200,-1197.56884765625
510,1645146828.4287584,367920,-1331.9891357421875
511,1645146943.134511,368640,-538.4525146484375
512,1645147066.844891,369360,-741.5739135742188
513,1645147188.8152442,370080,-858.3391723632812
514,1645147304.4348602,370800,-541.683349609375
515,1645147427.5394983,371520,-783.1219482421875
516,1645147545.101001,372240,-549.5005493164062
517,1645147666.1901088,372960,-781.0452880859375
518,1645147787.3384428,373680,-663.2686157226562
519,1645147902.8354511,374400,-514.673583984375
520,1645148019.4319825,375120,-476.8580627441406
521,1645148134.2756796,375840,-524.1221923828125
522,1645148247.3845382,376560,-464.3530578613281
523,1645148367.7196126,377280,-742.715576171875
524,1645148483.061786,378000,-478.01861572265625
525,1645148600.611232,378720,-511.9091796875
526,1645148713.6581783,379440,-485.427490234375
527,1645148833.7282727,380160,-605.8252563476562
528,1645148953.690066,380880,-693.2172241210938
529,1645149069.2053747,381600,-657.8383178710938
530,1645149188.528075,382320,-587.6966552734375
531,1645149306.5454357,383040,-638.157470703125
532,1645149426.7718003,383760,-536.3072509765625
533,1645149548.57105,384480,-974.2786254882812
534,1645149668.7390928,385200,-541.223876953125
535,1645149787.6593728,385920,-596.1425170898438
536,1645149905.081911,386640,-566.8977661132812
537,1645150025.473959,387360,-706.2605590820312
538,1645150144.1962252,388080,-694.33056640625
539,1645150263.97628,388800,-696.9869384765625
540,1645150384.8458462,389520,-755.58056640625
541,1645150503.6784735,390240,-603.9511108398438
542,1645150626.4734704,390960,-940.4852905273438
543,1645150753.3139753,391680,-944.209716796875
544,1645150880.9280727,392400,-1013.629150390625
545,1645151007.1977794,393120,-1158.48974609375
546,1645151129.8352814,393840,-814.794189453125
547,1645151253.8516283,394560,-956.8099975585938
548,1645151373.177829,395280,-981.6705322265625
549,1645151490.1982996,396000,-699.3155517578125
550,1645151612.1165087,396720,-847.522216796875
551,1645151731.9007697,397440,-857.3411254882812
552,1645151855.1048753,398160,-1124.5716552734375
553,1645151974.909149,398880,-729.8200073242188
554,1645152091.8212216,399600,-631.4280395507812
555,1645152211.4728222,400320,-676.0861206054688
556,1645152331.46765,401040,-750.173583984375
557,1645152453.8605597,401760,-903.1864013671875
558,1645152584.319061,402480,-1051.080810546875
559,1645152704.7442799,403200,-932.51416015625
560,1645152830.2392156,403920,-1250.2802734375
561,1645152949.3888328,404640,-982.5916748046875
562,1645153077.1461096,405360,-1177.2138671875
563,1645153205.2829666,406080,-1364.3619384765625
564,1645153328.9719856,406800,-1006.7333374023438
565,1645153451.4698641,407520,-717.7694702148438
566,1645153570.6510277,408240,-711.4874877929688
567,1645153689.1686318,408960,-706.5697021484375
568,1645153806.7653787,409680,-659.43359375
569,1645153926.2675238,410400,-668.7363891601562
570,1645154046.8640018,411120,-855.8208618164062
571,1645154162.9573584,411840,-685.8764038085938
572,1645154279.3576808,412560,-568.0936279296875
573,1645154394.0422986,413280,-587.5497436523438
574,1645154508.1529212,414000,-569.5855712890625
575,1645154622.1228108,414720,-565.0739135742188
576,1645154736.442718,415440,-627.5144653320312
577,1645154853.329724,416160,-695.381103515625
578,1645154970.17768,416880,-715.2797241210938
579,1645155087.6031337,417600,-703.6400146484375
580,1645155203.1410792,418320,-581.9322509765625
581,1645155320.936478,419040,-518.9849853515625
582,1645155437.0097039,419760,-509.602783203125
583,1645155552.9173226,420480,-567.4344482421875
584,1645155672.3376577,421200,-876.3986206054688
585,1645155786.2205653,421920,-545.8255615234375
586,1645155901.4232483,422640,-491.07720947265625
587,1645156015.3254936,423360,-500.93695068359375
588,1645156133.950718,424080,-599.9022216796875
589,1645156252.27092,424800,-715.1525268554688
590,1645156370.497397,425520,-631.8291625976562
591,1645156490.3186977,426240,-626.35302734375
592,1645156608.4537272,426960,-597.292236328125
593,1645156726.216418,427680,-723.2494506835938
594,1645156848.307373,428400,-557.8680419921875
595,1645156971.0600648,429120,-660.0716552734375
596,1645157089.0953465,429840,-542.6425170898438
597,1645157211.561212,430560,-611.590576171875
598,1645157334.376387,431280,-656.2266845703125
599,1645157460.590885,432000,-825.3744506835938
600,1645157582.5802777,432720,-1051.197998046875
601,1645157706.037737,433440,-758.37109375
602,1645157827.8553712,434160,-690.9841918945312
603,1645157950.0954454,434880,-836.3400268554688
604,1645158076.5941093,435600,-942.7261352539062
605,1645158200.2714868,436320,-799.7544555664062
606,1645158323.2951722,437040,-818.679443359375
607,1645158446.498155,437760,-834.7897338867188
608,1645158568.2284791,438480,-847.2019653320312
609,1645158689.9167566,439200,-1154.7791748046875
610,1645158807.640935,439920,-628.87109375
611,1645158932.9071019,440640,-1260.8316650390625
612,1645159053.4130661,441360,-816.8074951171875
613,1645159176.2171614,442080,-830.7311401367188
614,1645159303.128818,442800,-1035.5899658203125
615,1645159431.869704,443520,-1197.8172607421875
616,1645159551.2504437,444240,-624.9447021484375
617,1645159674.21691,444960,-1005.5858154296875
618,1645159797.3071334,445680,-681.6361083984375
619,1645159919.9762974,446400,-883.5
620,1645160047.3178983,447120,-1181.0733642578125
621,1645160178.5112834,447840,-1526.5833740234375
622,1645160302.8235667,448560,-972.532470703125
623,1645160428.2550027,449280,-879.7158203125
624,1645160553.7078142,450000,-1068.87109375
625,1645160677.702512,450720,-1198.5577392578125
626,1645160803.3218758,451440,-1070.94921875
627,1645160927.701662,452160,-965.4525146484375
628,1645161054.9899552,452880,-1263.016357421875
629,1645161184.5983958,453600,-1648.57080078125
630,1645161309.913457,454320,-1381.39892578125
631,1645161428.9298112,455040,-986.9633178710938
632,1645161552.7849863,455760,-1128.256103515625
633,1645161679.9325578,456480,-1020.5108032226562
634,1645161804.6549432,457200,-1286.1158447265625
635,1645161930.1340873,457920,-1371.64697265625
636,1645162055.6906533,458640,-979.4891967773438
637,1645162180.1014278,459360,-1172.1300048828125
638,1645162306.0381129,460080,-1194.66357421875
639,1645162425.9521208,460800,-774.8766479492188
640,1645162548.3063056,461520,-1217.0888671875
641,1645162669.8999634,462240,-837.5136108398438
642,1645162794.0431213,462960,-1251.8516845703125
643,1645162915.3987694,463680,-1134.0994873046875
644,1645163038.9769526,464400,-1110.57421875
645,1645163163.753133,465120,-1007.6697387695312
646,1645163288.3064141,465840,-1090.1800537109375
647,1645163411.617367,466560,-840.244140625
648,1645163538.5114708,467280,-1420.1541748046875
649,1645163661.6648092,468000,-1140.7900390625
650,1645163785.6064513,468720,-939.48974609375
651,1645163903.7007658,469440,-749.7552490234375
652,1645164024.969678,470160,-864.945556640625
653,1645164147.42223,470880,-773.7647094726562
654,1645164269.122778,471600,-1203.0111083984375
655,1645164392.5615964,472320,-940.3255615234375
656,1645164516.8146765,473040,-815.4319458007812
657,1645164646.7400386,473760,-1422.088623046875
658,1645164772.0792894,474480,-1124.2166748046875
659,1645164893.5069592,475200,-1074.4971923828125
660,1645165020.8938468,475920,-1227.2197265625
661,1645165146.1815696,476640,-1128.44775390625
662,1645165273.9516554,477360,-989.9288940429688
663,1645165399.8377893,478080,-1184.114501953125
664,1645165522.3404253,478800,-696.5671997070312
665,1645165650.381984,479520,-1352.4207763671875
666,1645165779.386474,480240,-982.0913696289062
667,1645165907.382091,480960,-1187.8756103515625
668,1645166031.352295,481680,-988.7211303710938
669,1645166153.5230675,482400,-615.3716430664062
670,1645166278.8852222,483120,-796.8033447265625
671,1645166403.7384763,483840,-925.5900268554688
672,1645166531.650927,484560,-1094.1036376953125
673,1645166657.400057,485280,-787.9822387695312
674,1645166781.0955098,486000,-800.6339111328125
675,1645166906.246664,486720,-1027.9891357421875
676,1645167030.3047483,487440,-709.0258178710938
677,1645167153.3723958,488160,-782.6216430664062
678,1645167278.0273104,488880,-695.056396484375
679,1645167403.766975,489600,-630.3319702148438
680,1645167530.3989017,490320,-935.9994506835938
681,1645167660.8015115,491040,-947.9686279296875
682,1645167793.5955353,491760,-1003.506103515625
683,1645167928.0824482,492480,-1441.778564453125
684,1645168053.7737648,493200,-749.54833984375
685,1645168179.676896,493920,-776.2694702148438
686,1645168307.7625177,494640,-670.1760864257812
687,1645168434.6707075,495360,-696.7194213867188
688,1645168561.9102135,496080,-1007.713623046875
689,1645168688.9781559,496800,-912.80224609375
690,1645168814.4200277,497520,-864.0894165039062
691,1645168937.861536,498240,-806.9349975585938
692,1645169060.4402165,498960,-699.7072143554688
693,1645169189.8166242,499680,-862.981689453125
694,1645169316.5201595,500400,-934.7138671875
695,1645169441.1523352,501120,-741.4608154296875
696,1645169564.2129526,501840,-629.0750122070312
697,1645169686.9862902,502560,-573.7658081054688
698,1645169808.1374106,503280,-591.9047241210938
699,1645169932.7075238,504000,-860.4366455078125
700,1645170058.6625326,504720,-908.2072143554688
701,1645170183.8795524,505440,-957.0966796875
702,1645170306.6197822,506160,-752.638916015625
703,1645170429.6139536,506880,-611.24609375
704,1645170554.042581,507600,-1067.9322509765625
705,1645170680.3085763,508320,-1247.6646728515625
706,1645170806.0913265,509040,-995.70166015625
707,1645170940.4069152,509760,-1410.10498046875
708,1645171068.6541421,510480,-1074.36279296875
709,1645171197.336554,511200,-1071.1241455078125
710,1645171327.6458526,511920,-1272.51171875
711,1645171457.5461748,512640,-1544.984130859375
712,1645171588.093107,513360,-1435.903564453125
713,1645171719.371289,514080,-1038.0469970703125
714,1645171846.7754006,514800,-1133.284423828125
715,1645171981.1331222,515520,-1568.98583984375
716,1645172115.161603,516240,-1337.73779296875
717,1645172250.208583,516960,-1277.310546875
718,1645172382.4611208,517680,-1395.244140625
719,1645172518.7512069,518400,-1937.677490234375
720,1645172650.9502206,519120,-1645.22998046875
721,1645172781.917495,519840,-1096.387451171875
722,1645172916.340274,520560,-1769.17919921875
723,1645173048.5078008,521280,-1755.5174560546875
724,1645173176.8496313,522000,-1352.4814453125
725,1645173312.0035057,522720,-1527.33251953125
726,1645173449.1090896,523440,-1505.115234375
727,1645173578.498147,524160,-1167.5777587890625
728,1645173708.3131714,524880,-1048.3594970703125
729,1645173839.660491,525600,-1574.2669677734375
730,1645173967.666884,526320,-1264.636962890625
731,1645174100.6571476,527040,-1631.3255615234375
732,1645174239.2844272,527760,-1549.4296875
733,1645174366.7714899,528480,-1329.8675537109375
734,1645174503.9171383,529200,-1614.839111328125
735,1645174636.1790183,529920,-1548.203369140625
736,1645174772.5475228,530640,-1736.516357421875
737,1645174909.512137,531360,-1588.17333984375
738,1645175040.562964,532080,-1701.669189453125
739,1645175179.9094853,532800,-1859.32275390625
740,1645175315.0418754,533520,-1438.6397705078125
741,1645175452.3749492,534240,-2022.9052734375
742,1645175585.2132213,534960,-1709.1461181640625
743,1645175723.4223561,535680,-2157.2734375
744,1645175858.5826583,536400,-1494.2972412109375
745,1645175991.868672,537120,-1819.06494140625
746,1645176128.4086998,537840,-1980.417236328125
747,1645176268.1358604,538560,-2199.219482421875
748,1645176405.121539,539280,-2182.6953125
749,1645176543.841943,540000,-1881.667724609375
750,1645176681.9451206,540720,-2503.7294921875
751,1645176822.4324274,541440,-2177.763671875
752,1645176960.8171206,542160,-2013.6082763671875
753,1645177098.5155048,542880,-1908.2589111328125
754,1645177228.6431327,543600,-1884.48974609375
755,1645177362.2102273,544320,-1866.9832763671875
756,1645177494.7242155,545040,-1704.8505859375
757,1645177629.8070924,545760,-1880.564697265625
758,1645177759.668625,546480,-1449.778076171875
759,1645177894.555696,547200,-1737.9708251953125
760,1645178029.0899181,547920,-1718.7410888671875
761,1645178160.2347188,548640,-1522.2652587890625
762,1645178294.422493,549360,-1626.7283935546875
763,1645178428.557174,550080,-1598.626953125
764,1645178562.6668148,550800,-1832.82275390625
765,1645178699.9872622,551520,-1677.1358642578125
766,1645178835.2767878,552240,-1889.997802734375
767,1645178970.9721162,552960,-1598.0316162109375
768,1645179108.6540723,553680,-1740.8116455078125
769,1645179242.282134,554400,-1874.21533203125
770,1645179378.8433528,555120,-1788.36279296875
771,1645179513.2399452,555840,-2037.766357421875
772,1645179648.243311,556560,-1346.024169921875
773,1645179778.73227,557280,-1799.947998046875
774,1645179912.769676,558000,-1378.4610595703125
775,1645180044.6196227,558720,-1480.9871826171875
776,1645180177.5455976,559440,-1733.6002197265625
777,1645180311.9134934,560160,-1685.1650390625
778,1645180446.9859788,560880,-1813.0147705078125
779,1645180581.5744793,561600,-1542.9871826171875
780,1645180712.3336806,562320,-1475.443115234375
781,1645180843.750501,563040,-1532.558349609375
782,1645180978.604564,563760,-1757.568115234375
783,1645181114.354689,564480,-1584.5205078125
784,1645181248.6255424,565200,-1907.83642578125
785,1645181383.1028547,565920,-1515.17724609375
786,1645181518.8333776,566640,-1905.5546875
787,1645181656.298151,567360,-2061.28076171875
788,1645181785.0043626,568080,-1571.0897216796875
789,1645181918.0983992,568800,-1493.62060546875
790,1645182052.3924477,569520,-1552.1336669921875
791,1645182185.587787,570240,-1688.369140625
792,1645182321.64354,570960,-1683.6658935546875
793,1645182457.3298783,571680,-1843.0872802734375
794,1645182596.4699652,572400,-2340.236572265625
795,1645182735.8327453,573120,-2275.912841796875
796,1645182868.7704499,573840,-2202.3251953125
797,1645183004.3293946,574560,-2067.58251953125
798,1645183138.32509,575280,-1908.5550537109375
799,1645183270.279458,576000,-1759.0792236328125
800,1645183404.2954402,576720,-2135.9521484375
801,1645183536.9770179,577440,-1651.2552490234375
802,1645183668.3743017,578160,-1838.4705810546875
803,1645183797.70557,578880,-1461.8157958984375
804,1645183929.2185054,579600,-1724.6539306640625
805,1645184062.0107236,580320,-1820.2783203125
806,1645184198.2002726,581040,-1907.5130615234375
807,1645184332.8622737,581760,-1584.47802734375
808,1645184466.4314058,582480,-1657.7530517578125
809,1645184594.1909099,583200,-1332.3394775390625
810,1645184727.032371,583920,-1804.2386474609375
811,1645184856.3130116,584640,-1304.2183837890625
812,1645184988.5930116,585360,-1747.56689453125
813,1645185120.8042235,586080,-1711.515869140625
814,1645185257.3404608,586800,-1894.046142578125
815,1645185388.1777282,587520,-1655.2327880859375
816,1645185523.478888,588240,-1471.8555908203125
817,1645185653.6235673,588960,-1584.34716796875
818,1645185787.020907,589680,-2013.344970703125
819,1645185923.4122794,590400,-1818.8541259765625
820,1645186051.6356142,591120,-1620.913330078125
821,1645186185.8550944,591840,-2200.070068359375
822,1645186317.042315,592560,-1534.451416015625
823,1645186450.3744526,593280,-1779.7830810546875
824,1645186583.7198381,594000,-1857.489990234375
825,1645186716.0033603,594720,-1838.8819580078125
826,1645186846.5271027,595440,-1472.570556640625
827,1645186980.9004462,596160,-1744.6572265625
828,1645187118.1543064,596880,-2027.8963623046875
829,1645187251.185518,597600,-1698.0694580078125
830,1645187383.40795,598320,-1829.106689453125
831,1645187523.4135635,599040,-2108.3046875
832,1645187656.1357484,599760,-2029.7508544921875
833,1645187791.086999,600480,-2143.107177734375
834,1645187924.6994274,601200,-1759.816650390625
835,1645188059.465372,601920,-1905.2574462890625
836,1645188194.326362,602640,-1900.15087890625
837,1645188331.5354433,603360,-1920.6522216796875
838,1645188466.659997,604080,-1761.86474609375
839,1645188600.8408937,604800,-1815.8843994140625
840,1645188735.3805454,605520,-1770.193603515625
841,1645188868.367823,606240,-1546.546142578125
842,1645189003.908739,606960,-1797.9547119140625
843,1645189141.6507351,607680,-2126.57275390625
844,1645189274.1628664,608400,-1633.0513916015625
845,1645189404.9600043,609120,-1629.5999755859375
846,1645189539.0066218,609840,-1863.0433349609375
847,1645189675.0047877,610560,-1724.8717041015625
848,1645189812.4116406,611280,-1729.050537109375
849,1645189946.2257807,612000,-2017.2147216796875
850,1645190079.0973234,612720,-1819.957763671875
851,1645190215.4992652,613440,-1627.104736328125
852,1645190344.5618896,614160,-1242.6156005859375
853,1645190480.9854064,614880,-1947.6328125
854,1645190614.273923,615600,-1422.2796630859375
855,1645190741.845099,616320,-1488.0550537109375
856,1645190873.734172,617040,-1267.9866943359375
857,1645191004.949321,617760,-1486.1324462890625
858,1645191140.2600338,618480,-1618.76416015625
859,1645191272.9082754,619200,-1402.7449951171875
860,1645191404.319485,619920,-1612.1036376953125
861,1645191537.5031238,620640,-1667.5511474609375
862,1645191672.332053,621360,-1869.0330810546875
863,1645191804.4251459,622080,-1586.55224609375
864,1645191936.663764,622800,-1415.3050537109375
865,1645192069.2450254,623520,-1626.0250244140625
866,1645192195.2720487,624240,-1307.81689453125
867,1645192324.4945347,624960,-1319.5875244140625
868,1645192454.6136098,625680,-1530.328369140625
869,1645192588.6929357,626400,-1624.7808837890625
870,1645192716.2199755,627120,-1858.4158935546875
871,1645192846.1099892,627840,-1705.7528076171875
872,1645192978.2317545,628560,-1955.8966064453125
873,1645193106.5619404,629280,-1390.6905517578125
874,1645193234.6344597,630000,-1396.9688720703125
875,1645193365.9987433,630720,-1691.3497314453125
876,1645193492.1412754,631440,-1717.3292236328125
877,1645193617.8323302,632160,-1363.9111328125
878,1645193750.2830496,632880,-2040.0069580078125
879,1645193878.0417123,633600,-1503.8841552734375
880,1645194004.9309125,634320,-1700.7086181640625
881,1645194137.4393015,635040,-1843.2835693359375
882,1645194266.8125815,635760,-1577.2352294921875
883,1645194387.9368243,636480,-1190.911376953125
884,1645194512.432335,637200,-1327.6868896484375
885,1645194636.6433744,637920,-1473.830322265625
886,1645194761.626788,638640,-1215.221923828125
887,1645194886.2773645,639360,-1313.0263671875
888,1645195014.84433,640080,-1918.62255859375
889,1645195142.4851236,640800,-1521.6661376953125
890,1645195267.6899714,641520,-1208.0213623046875
891,1645195393.7205162,642240,-1506.296142578125
892,1645195525.326461,642960,-1673.064208984375
893,1645195656.113232,643680,-1646.0374755859375
894,1645195781.54714,644400,-1114.6783447265625
895,1645195910.3267903,645120,-1699.9566650390625
896,1645196033.0557842,645840,-959.8269653320312
897,1645196160.3740857,646560,-1553.362548828125
898,1645196288.1947803,647280,-1266.080810546875
899,1645196410.1273935,648000,-1188.9453125
900,1645196543.6829941,648720,-1650.2080078125
901,1645196673.2952478,649440,-1777.5516357421875
902,1645196808.374257,650160,-1821.6263427734375
903,1645196936.440353,650880,-1863.5552978515625
904,1645197066.7836108,651600,-1532.122802734375
905,1645197198.048401,652320,-1643.5758056640625
906,1645197332.988775,653040,-2103.0224609375
907,1645197459.399047,653760,-1543.6138916015625
908,1645197588.9728584,654480,-1732.4625244140625
909,1645197719.2813778,655200,-1685.9683837890625
910,1645197847.8487794,655920,-1524.9244384765625
911,1645197979.6338837,656640,-1677.066650390625
912,1645198113.0995965,657360,-1716.3736572265625
913,1645198240.7779438,658080,-1433.7808837890625
914,1645198369.764809,658800,-1598.348876953125
915,1645198498.8228846,659520,-1684.2467041015625
916,1645198626.8862865,660240,-1518.427490234375
917,1645198760.0959566,660960,-1511.5032958984375
918,1645198883.4747498,661680,-1341.9024658203125
919,1645199013.7260733,662400,-1275.37060546875
920,1645199141.8968463,663120,-1408.7652587890625
921,1645199273.657084,663840,-1757.48583984375
922,1645199404.5865111,664560,-2092.330810546875
923,1645199536.770033,665280,-1809.3699951171875
924,1645199665.5473216,666000,-1979.4146728515625
925,1645199791.3670878,666720,-1416.160888671875
926,1645199920.904272,667440,-1660.92919921875
927,1645200055.757896,668160,-2171.666748046875
928,1645200185.480653,668880,-1615.6102294921875
929,1645200313.3132396,669600,-1681.642822265625
930,1645200440.906994,670320,-1445.9046630859375
931,1645200569.767662,671040,-1478.1455078125
932,1645200696.8796744,671760,-1286.2611083984375
933,1645200828.3507109,672480,-1618.135009765625
934,1645200959.4280481,673200,-1551.07666015625
935,1645201087.6047792,673920,-1416.689453125
936,1645201219.821582,674640,-1771.5958251953125
937,1645201349.876016,675360,-1639.7994384765625
938,1645201477.275341,676080,-1355.322265625
939,1645201602.42879,676800,-1359.243896484375
940,1645201730.8953078,677520,-1718.4052734375
941,1645201859.3789685,678240,-1653.6641845703125
942,1645201988.7463005,678960,-1621.0155029296875
943,1645202119.5395613,679680,-1645.5067138671875
944,1645202245.7598336,680400,-1500.10888671875
945,1645202371.714075,681120,-1391.465576171875
946,1645202498.0700967,681840,-1677.91943359375
947,1645202630.3177931,682560,-1500.9488525390625
948,1645202760.7493997,683280,-1889.2705078125
949,1645202884.4078302,684000,-1208.8743896484375
950,1645203015.825569,684720,-1682.0089111328125
951,1645203140.3425589,685440,-1130.167724609375
952,1645203266.1918104,686160,-1277.133056640625
953,1645203387.334017,686880,-1030.6497802734375
954,1645203511.5371225,687600,-1216.6458740234375
955,1645203637.4908679,688320,-1228.6466064453125
956,1645203762.208462,689040,-1333.62060546875
957,1645203879.3127549,689760,-949.0513916015625
958,1645204010.255302,690480,-1477.6064453125
959,1645204130.6944048,691200,-1033.61474609375
960,1645204253.122446,691920,-1237.6641845703125
961,1645204374.7853367,692640,-1146.578857421875
962,1645204496.45445,693360,-1155.2022705078125
963,1645204619.413704,694080,-1085.2130126953125
964,1645204742.3928854,694800,-1151.2930908203125
965,1645204866.6845908,695520,-1274.2164306640625
966,1645204985.2280173,696240,-744.4447021484375
967,1645205109.9841359,696960,-1607.7611083984375
968,1645205241.9441235,697680,-1791.0631103515625
969,1645205364.3277466,698400,-1202.62744140625
970,1645205489.4085097,699120,-1190.3538818359375
971,1645205613.038202,699840,-938.7886352539062
972,1645205736.1176293,700560,-1232.5677490234375
973,1645205864.4163747,701280,-1561.653076171875
974,1645205989.0548031,702000,-1885.1866455078125
975,1645206119.602818,702720,-2008.899169921875
976,1645206244.924873,703440,-1001.6180419921875
977,1645206371.63977,704160,-1098.6533203125
978,1645206499.081447,704880,-1360.57470703125
979,1645206620.1730962,705600,-884.3744506835938
980,1645206745.313835,706320,-1301.854736328125
981,1645206859.5736759,707040,-578.461669921875
982,1645206981.9568114,707760,-1165.2578125
983,1645207106.2959316,708480,-761.125
984,1645207231.2566328,709200,-655.0869140625
985,1645207354.4368882,709920,-936.080810546875
986,1645207474.742606,710640,-744.6624755859375
987,1645207591.9849875,711360,-712.0069580078125
988,1645207714.6212525,712080,-1131.7080078125
989,1645207843.2242188,712800,-1338.693115234375
990,1645207969.424126,713520,-1058.6044921875
991,1645208095.7859669,714240,-839.6258544921875
992,1645208217.4577188,714960,-639.2161254882812
993,1645208341.0547168,715680,-1109.5350341796875
994,1645208466.5701678,716400,-1014.4788818359375
995,1645208588.6298206,717120,-904.4136352539062
996,1645208707.8670735,717840,-749.479736328125
997,1645208828.576815,718560,-589.3977661132812
998,1645208951.9559553,719280,-1175.546630859375
999,1645209073.5277321,720000,-757.73779296875
1000,1645209198.2854545,720720,-1027.3338623046875
1001,1645209323.9371223,721440,-1170.6363525390625
1002,1645209445.4277864,722160,-655.959716796875
1003,1645209570.6604476,722880,-968.5016479492188
1004,1645209693.3789961,723600,-756.0513916015625
1005,1645209817.6900365,724320,-885.2313842773438
1006,1645209941.4596138,725040,-876.16748046875
1007,1645210062.307253,725760,-697.9691772460938
1008,1645210184.0799932,726480,-873.302490234375
1009,1645210301.6034298,727200,-787.6386108398438
1010,1645210421.2295864,727920,-738.0777587890625
1011,1645210541.7818358,728640,-811.6758422851562
1012,1645210662.0071564,729360,-683.1477661132812
1013,1645210786.4144857,730080,-1174.5130615234375
1014,1645210903.3811016,730800,-785.4288940429688
1015,1645211021.1440551,731520,-655.558349609375
1016,1645211138.0858777,732240,-657.45751953125
1017,1645211256.696933,732960,-812.2355346679688
1018,1645211373.8811579,733680,-738.2374877929688
1019,1645211489.6783183,734400,-702.7669677734375
1020,1645211608.5000312,735120,-910.3338623046875
1021,1645211726.6985803,735840,-858.8735961914062
1022,1645211850.1259,736560,-1012.7960815429688
1023,1645211969.77169,737280,-891.2355346679688
1024,1645212090.6533535,738000,-1104.455810546875
1025,1645212211.01137,738720,-702.92333984375
1026,1645212331.377916,739440,-960.4525146484375
1027,1645212452.0415823,740160,-732.8802490234375
1028,1645212574.4966874,740880,-721.2333374023438
1029,1645212696.5098593,741600,-1244.8131103515625
1030,1645212813.785629,742320,-597.9419555664062
1031,1645212931.8413334,743040,-786.9344482421875
1032,1645213056.9424102,743760,-1082.9189453125
1033,1645213171.9695487,744480,-796.7194213867188
1034,1645213288.6640873,745200,-631.899169921875
1035,1645213407.4723206,745920,-876.9008178710938
1036,1645213527.4209876,746640,-1058.572998046875
1037,1645213651.2957795,747360,-1117.2872314453125
1038,1645213771.5969925,748080,-694.11083984375
1039,1645213885.6828606,748800,-710.8072509765625
1040,1645214005.2712166,749520,-674.8855590820312
1041,1645214124.207401,750240,-684.2510986328125
1042,1645214242.2656455,750960,-728.675537109375
1043,1645214358.8370557,751680,-728.8902587890625
1044,1645214476.5157306,752400,-775.1058349609375
1045,1645214598.9612126,753120,-875.844970703125
1046,1645214721.6362903,753840,-883.8116455078125
1047,1645214847.2125812,754560,-780.4783325195312
1048,1645214969.658602,755280,-622.3655395507812
1049,1645215090.7555969,756000,-652.1278076171875
1050,1645215213.2368767,756720,-988.334716796875
1051,1645215332.7910552,757440,-902.89697265625
1052,1645215457.836067,758160,-745.23779296875
1053,1645215581.1149473,758880,-1052.04638671875
1054,1645215700.811261,759600,-712.6219482421875
1055,1645215822.7763515,760320,-998.8128051757812
1056,1645215942.9745293,761040,-757.076416015625
1057,1645216068.3425736,761760,-1154.693603515625
1058,1645216189.647569,762480,-745.0369262695312
1059,1645216313.2333784,763200,-1139.0155029296875
1060,1645216435.323051,763920,-1143.6552734375
1061,1645216558.0126526,764640,-683.0236206054688
1062,1645216678.5389123,765360,-811.0639038085938
1063,1645216802.0824356,766080,-1096.9383544921875
1064,1645216924.3467357,766800,-877.888916015625
1065,1645217046.832928,767520,-802.7997436523438
1066,1645217169.0314999,768240,-661.36474609375
1067,1645217285.7512412,768960,-600.1702880859375
1068,1645217409.9098234,769680,-921.792236328125
1069,1645217536.3755825,770400,-1258.11083984375
1070,1645217656.8417995,771120,-669.145263671875
1071,1645217777.8151307,771840,-646.925537109375
1072,1645217900.3240178,772560,-736.5416870117188
1073,1645218024.615503,773280,-837.2088623046875
1074,1645218149.0764375,774000,-889.8672485351562
1075,1645218272.7669854,774720,-895.5922241210938
1076,1645218393.2486606,775440,-675.79248046875
1077,1645218514.5506513,776160,-623.5469360351562
1078,1645218630.7875447,776880,-487.24859619140625
1079,1645218751.996682,777600,-715.2202758789062
1080,1645218871.485101,778320,-609.778076171875
1081,1645218986.5099192,779040,-539.8505859375
1082,1645219106.9587638,779760,-667.5691528320312
1083,1645219227.2779443,780480,-574.3660888671875
1084,1645219342.7619693,781200,-497.8791809082031
1085,1645219470.2502863,781920,-1025.8541259765625
1086,1645219589.4647627,782640,-700.1561279296875
1087,1645219707.4228423,783360,-835.4136352539062
1088,1645219827.4595664,784080,-846.2022094726562
1089,1645219945.9558318,784800,-658.9408569335938
1090,1645220062.7487855,785520,-521.7455444335938
1091,1645220181.7173336,786240,-664.9127807617188
1092,1645220300.2597995,786960,-769.2416381835938
1093,1645220419.139912,787680,-731.8139038085938
1094,1645220542.109442,788400,-1144.0172119140625
1095,1645220662.0310364,789120,-826.2388916015625
1096,1645220779.4478912,789840,-660.633056640625
1097,1645220897.436445,790560,-819.9328002929688
1098,1645221019.9094043,791280,-908.9788818359375
1099,1645221137.011214,792000,-909.284423828125
1100,1645221256.674342,792720,-866.8394165039062
1101,1645221380.6329308,793440,-1162.060546875
1102,1645221496.2216053,794160,-628.2211303710938
1103,1645221613.5135043,794880,-616.13720703125
1104,1645221732.1635845,795600,-885.8300170898438
1105,1645221844.0825896,796320,-549.3491821289062
1106,1645221958.221912,797040,-562.044189453125
1107,1645222072.2737088,797760,-873.6797485351562
1108,1645222184.1175134,798480,-506.79779052734375
1109,1645222297.2939365,799200,-482.86444091796875
1110,1645222415.4569721,799920,-742.2352905273438
1111,1645222534.9965599,800640,-872.0077514648438
1112,1645222652.0326042,801360,-704.0800170898438
1113,1645222769.1543841,802080,-775.2496948242188
1114,1645222883.7096136,802800,-605.5097045898438
1115,1645222996.4947627,803520,-574.3430786132812
1116,1645223110.1190946,804240,-625.3839111328125
1117,1645223223.1414497,804960,-759.4033203125
1118,1645223338.6994653,805680,-661.413330078125
1119,1645223454.312967,806400,-712.2186279296875
1120,1645223566.2296364,807120,-622.4419555664062
1121,1645223681.5236695,807840,-686.5003051757812
1122,1645223796.4190962,808560,-697.4366455078125
1123,1645223907.8357763,809280,-683.6316528320312
1124,1645224017.4738412,810000,-524.04638671875
1125,1645224128.5428815,810720,-698.3294677734375
1126,1645224239.738539,811440,-630.6749877929688
1127,1645224348.1805172,812160,-526.2311401367188
1128,1645224459.3710268,812880,-497.4216613769531
1129,1645224568.4274402,813600,-441.4055480957031
1130,1645224678.1553354,814320,-482.4547119140625
1131,1645224789.7002583,815040,-598.2608032226562
1132,1645224902.2208884,815760,-544.088623046875
1133,1645225013.4268239,816480,-505.20361328125
1134,1645225123.758499,817200,-450.4527893066406
1135,1645225236.514958,817920,-506.9488830566406
1136,1645225348.6504807,818640,-459.586669921875
1137,1645225461.2845354,819360,-453.05694580078125
1138,1645225573.7180598,820080,-541.20166015625
1139,1645225689.878413,820800,-610.7866821289062
1140,1645225803.8583846,821520,-532.0822143554688
1141,1645225919.9802077,822240,-626.1058349609375
1142,1645226036.2900648,822960,-564.7494506835938
1143,1645226150.0234926,823680,-656.2672119140625
1144,1645226267.1126697,824400,-518.3644409179688
1145,1645226387.5049584,825120,-942.334716796875
1146,1645226501.7050376,825840,-514.4369506835938
1147,1645226614.7951958,826560,-461.1202697753906
1148,1645226729.7937667,827280,-545.89111328125
1149,1645226846.7393556,828000,-738.6580810546875
1150,1645226963.9520366,828720,-802.14501953125
1151,1645227078.9095664,829440,-500.58721923828125
1152,1645227194.4891098,830160,-589.782470703125
1153,1645227307.211302,830880,-484.88360595703125
1154,1645227422.5098634,831600,-631.778076171875
1155,1645227536.7437983,832320,-590.7877807617188
1156,1645227647.510357,833040,-503.6252746582031
1157,1645227764.3095553,833760,-701.8622436523438
1158,1645227882.2153552,834480,-716.7769165039062
1159,1645228003.7851639,835200,-713.8047485351562
1160,1645228126.7898114,835920,-783.4733276367188
1161,1645228244.4245741,836640,-916.1074829101562
1162,1645228364.7081854,837360,-638.4047241210938
1163,1645228483.2273593,838080,-639.8433227539062
1164,1645228602.7515223,838800,-614.4421997070312
1165,1645228726.105584,839520,-715.9625244140625
1166,1645228845.478016,840240,-548.7216796875
1167,1645228962.6764972,840960,-585.8511352539062
1168,1645229079.9965813,841680,-649.9539184570312
1169,1645229192.4029937,842400,-452.7891540527344
1170,1645229311.6079373,843120,-688.1380615234375
1171,1645229434.0786586,843840,-743.7335815429688
1172,1645229552.5257647,844560,-567.9866943359375
1173,1645229676.9810069,845280,-648.2891845703125
1174,1645229795.3401654,846000,-535.6952514648438
1175,1645229914.7409945,846720,-730.6939086914062
1176,1645230037.8702142,847440,-1268.7197265625
1177,1645230159.2780344,848160,-956.73779296875
1178,1645230281.451311,848880,-685.23974609375
1179,1645230403.211097,849600,-913.8330688476562
1180,1645230518.803568,850320,-501.4211120605469
1181,1645230638.5851462,851040,-761.6830444335938
1182,1645230759.9907684,851760,-743.9260864257812
1183,1645230882.659466,852480,-575.3180541992188
1184,1645231009.2430031,853200,-790.685546875
1185,1645231130.8706763,853920,-866.1663818359375
1186,1645231253.9569333,854640,-763.2769165039062
1187,1645231374.836766,855360,-709.0708618164062
1188,1645231492.9176743,856080,-490.6777648925781
1189,1645231615.9685583,856800,-1144.941162109375
1190,1645231739.388163,857520,-686.1264038085938
1191,1645231860.355594,858240,-645.9385986328125
1192,1645231979.656276,858960,-556.9116821289062
1193,1645232099.9366233,859680,-573.5050048828125
1194,1645232219.5388184,860400,-578.971923828125
1195,1645232337.8157136,861120,-553.4872436523438
1196,1645232453.604608,861840,-538.3572387695312
1197,1645232570.996468,862560,-477.11248779296875
1198,1645232693.210085,863280,-891.7808227539062
1199,1645232821.56986,864000,-1314.2105712890625
1200,1645232939.665335,864720,-516.9669189453125
1201,1645233059.5465512,865440,-626.5286254882812
1202,1645233181.712827,866160,-675.0458374023438
1203,1645233299.3950582,866880,-506.2124938964844
1204,1645233419.0256698,867600,-675.6174926757812
1205,1645233540.7796988,868320,-741.2091674804688
1206,1645233660.2425103,869040,-890.5530395507812
1207,1645233778.0004647,869760,-566.4955444335938
1208,1645233898.4184477,870480,-677.87890625
1209,1645234013.96931,871200,-541.4116821289062
1210,1645234133.3497248,871920,-791.598876953125
1211,1645234252.881327,872640,-740.685546875
1212,1645234369.0795405,873360,-665.7305297851562
1213,1645234485.0782938,874080,-487.6191711425781
1214,1645234602.1731896,874800,-484.6030578613281
1215,1645234719.196743,875520,-520.2688598632812
1216,1645234833.1336524,876240,-493.27972412109375
1217,1645234957.660106,876960,-773.5116577148438
1218,1645235073.7814162,877680,-532.5677490234375
1219,1645235188.0365217,878400,-479.9008483886719
1220,1645235307.5368187,879120,-851.1519165039062
1221,1645235424.1725574,879840,-611.9341430664062
1222,1645235541.6074598,880560,-647.2191772460938
1223,1645235655.4887679,881280,-463.6827697753906
1224,1645235770.7197192,882000,-497.3958435058594
1225,1645235888.301627,882720,-698.3764038085938
1226,1645236004.6775398,883440,-549.2102661132812
1227,1645236128.1034985,884160,-734.2691650390625
1228,1645236249.1353564,884880,-1112.505859375
1229,1645236370.5779262,885600,-721.7066650390625
1230,1645236496.683658,886320,-739.1519165039062
1231,1645236620.678302,887040,-834.2208251953125
1232,1645236747.0578177,887760,-1259.6177978515625
1233,1645236871.8444142,888480,-749.0291748046875
1234,1645236997.5510156,889200,-1213.667236328125
1235,1645237117.5850425,889920,-630.723876953125
1236,1645237238.690411,890640,-676.4855346679688
1237,1645237358.308582,891360,-730.2869262695312
1238,1645237477.323484,892080,-657.869140625
1239,1645237600.7733455,892800,-665.2288818359375
1240,1645237726.035723,893520,-586.4908447265625
1241,1645237847.8324904,894240,-753.95361328125
1242,1645237974.4280581,894960,-1432.8421630859375
1243,1645238094.6138039,895680,-852.2388916015625
1244,1645238215.9898236,896400,-581.8041381835938
1245,1645238340.865728,897120,-884.1033325195312
1246,1645238458.7901282,897840,-481.2669372558594
1247,1645238573.8895113,898560,-445.2947082519531
1248,1645238691.3491688,899280,-495.2427673339844
1249,1645238816.928239,900000,-784.3141479492188
1250,1645238937.1344044,900720,-654.7625122070312
1251,1645239059.1153872,901440,-657.7125244140625
1252,1645239182.618543,902160,-588.6477661132812
1253,1645239301.824197,902880,-517.1427612304688
1254,1645239421.9516437,903600,-573.0272216796875
1255,1645239545.0511768,904320,-832.7133178710938
1256,1645239665.6564949,905040,-599.9883422851562
1257,1645239781.286698,905760,-477.32916259765625
1258,1645239902.4989355,906480,-847.3383178710938
1259,1645240019.9267738,907200,-605.7736206054688
1260,1645240135.924117,907920,-636.143310546875
1261,1645240255.7440023,908640,-817.167236328125
1262,1645240371.5342457,909360,-566.1041870117188
1263,1645240489.3106492,910080,-558.034423828125
1264,1645240610.6840656,910800,-597.6944580078125
1265,1645240723.9179795,911520,-525.6113891601562
1266,1645240839.7765658,912240,-568.8741455078125
1267,1645240955.1879246,912960,-629.9847412109375
1268,1645241072.8069081,913680,-838.0355834960938
1269,1645241186.7223358,914400,-483.85693359375
1270,1645241301.6960666,915120,-599.7608032226562
1271,1645241415.9999764,915840,-522.2997436523438
1272,1645241540.8893383,916560,-997.55859375
1273,1645241662.0061154,917280,-611.3908081054688
1274,1645241786.1404884,918000,-773.653076171875
1275,1645241904.426546,918720,-680.4260864257812
1276,1645242026.454738,919440,-928.030029296875
1277,1645242144.6358356,920160,-502.80194091796875
1278,1645242263.563995,920880,-655.8171997070312
1279,1645242380.0169473,921600,-475.625
1280,1645242502.712012,922320,-970.3452758789062
1281,1645242618.0915565,923040,-452.4566650390625
1282,1645242733.1983032,923760,-500.3394470214844
1283,1645242848.384389,924480,-524.0191650390625
1284,1645242966.4425564,925200,-601.0977783203125
1285,1645243086.905638,925920,-643.498046875
1286,1645243213.8103647,926640,-1573.119384765625
1287,1645243330.840894,927360,-522.241943359375
1288,1645243458.3704486,928080,-1125.43359375
1289,1645243578.0142884,928800,-577.667236328125
1290,1645243694.518747,929520,-408.431396484375
1291,1645243813.6198363,930240,-815.1552734375
1292,1645243932.7027292,930960,-542.2147216796875
1293,1645244051.0050554,931680,-541.8319702148438
1294,1645244165.693251,932400,-415.9624938964844
1295,1645244283.0190759,933120,-605.6011352539062
1296,1645244398.2643254,933840,-398.52056884765625
1297,1645244519.3018718,934560,-801.9905395507812
1298,1645244631.6910443,935280,-409.6019592285156
1299,1645244745.675336,936000,-396.48529052734375
1300,1645244855.5739267,936720,-380.00140380859375
1301,1645244970.4076514,937440,-483.677490234375
1302,1645245082.4225473,938160,-433.8275146484375
1303,1645245203.9073167,938880,-586.0066528320312
1304,1645245320.2128115,939600,-519.8660888671875
1305,1645245439.692312,940320,-629.5549926757812
1306,1645245556.301013,941040,-447.8983459472656
1307,1645245673.4982557,941760,-554.2283325195312
1308,1645245792.7975564,942480,-674.36279296875
1309,1645245905.556872,943200,-391.40887451171875
1310,1645246018.2377207,943920,-390.5386047363281
1311,1645246134.5054562,944640,-517.4466552734375
1312,1645246248.8248734,945360,-475.5583190917969
1313,1645246362.4625182,946080,-402.76861572265625
1314,1645246483.7979717,946800,-688.0247192382812
1315,1645246598.1342,947520,-430.5939025878906
1316,1645246715.1996088,948240,-542.7294311523438
1317,1645246831.3680303,948960,-426.3299865722656
1318,1645246943.269438,949680,-414.5586242675781
1319,1645247055.1203985,950400,-426.64776611328125
1320,1645247167.0467842,951120,-550.3511352539062
1321,1645247282.3545587,951840,-391.3883361816406
1322,1645247402.7120774,952560,-566.588623046875
1323,1645247520.0519435,953280,-784.19970703125
1324,1645247637.8639815,954000,-499.209716796875
1325,1645247758.1502206,954720,-502.19000244140625
1326,1645247871.6108532,955440,-463.7835998535156
1327,1645247987.6708128,956160,-479.0797119140625
1328,1645248107.4597566,956880,-525.0616455078125
1329,1645248225.819281,957600,-481.6549987792969
1330,1645248337.6031678,958320,-585.9752807617188
1331,1645248452.5110948,959040,-479.693603515625
1332,1645248567.6507683,959760,-553.3158569335938
1333,1645248689.9204977,960480,-648.6983032226562
1334,1645248809.1373007,961200,-627.9730834960938
1335,1645248932.116964,961920,-648.3875122070312
1336,1645249049.2457845,962640,-422.411376953125
1337,1645249168.7541008,963360,-573.73583984375
1338,1645249284.5784264,964080,-741.5633544921875
1339,1645249399.7222896,964800,-454.1444396972656
1340,1645249514.8617556,965520,-481.8591613769531
1341,1645249630.892502,966240,-450.302490234375
1342,1645249751.192738,966960,-961.9308471679688
1343,1645249865.8488657,967680,-454.7691650390625
1344,1645249979.7934093,968400,-608.54443359375
1345,1645250092.0317733,969120,-401.72637939453125
1346,1645250207.1353645,969840,-560.2969360351562
1347,1645250317.5331383,970560,-372.2019348144531
1348,1645250429.7541156,971280,-480.7911071777344
1349,1645250544.973883,972000,-482.4291687011719
1350,1645250654.2246177,972720,-390.38055419921875
1351,1645250764.1295834,973440,-365.35137939453125
1352,1645250875.6941245,974160,-383.2366638183594
1353,1645250986.851389,974880,-398.5997314453125
1354,1645251102.0027206,975600,-520.4930419921875
1355,1645251212.8061705,976320,-455.3377685546875
1356,1645251324.5660357,977040,-425.8491516113281
1357,1645251440.5566604,977760,-502.38751220703125
1358,1645251552.2450256,978480,-426.2994384765625
1359,1645251661.3486664,979200,-438.0394592285156
1360,1645251771.7870102,979920,-381.0797119140625
1361,1645251887.986979,980640,-633.8958129882812
1362,1645251997.8606522,981360,-388.9599914550781
1363,1645252107.6626415,982080,-437.48138427734375
1364,1645252220.5068333,982800,-427.8988952636719
1365,1645252330.1738815,983520,-370.7466735839844
1366,1645252440.3844104,984240,-355.3127746582031
1367,1645252552.7894797,984960,-387.76165771484375
1368,1645252661.6979976,985680,-359.2208251953125
1369,1645252766.5909178,986400,-326.95416259765625
1370,1645252875.5394948,987120,-362.3691711425781
1371,1645252981.06488,987840,-330.4927673339844
1372,1645253088.3892574,988560,-343.4574890136719
1373,1645253196.5913625,989280,-349.66583251953125
1374,1645253302.474777,990000,-319.9413757324219
1375,1645253408.6402307,990720,-329.304443359375
1376,1645253515.364128,991440,-349.9788818359375
1377,1645253625.8996441,992160,-381.165283203125
1378,1645253732.7893937,992880,-354.5255432128906
1379,1645253842.2543104,993600,-370.0897216796875
1380,1645253950.6114974,994320,-430.70416259765625
1381,1645254061.8847122,995040,-429.2458190917969
1382,1645254174.6069164,995760,-407.5977783203125
1383,1645254281.6002603,996480,-361.42999267578125
1384,1645254390.8651145,997200,-374.1186218261719
1385,1645254500.071941,997920,-374.0188903808594
1386,1645254611.5285559,998640,-429.975830078125
1387,1645254721.9894762,999360,-436.6005554199219
1388,1645254831.1602788,1000080,-382.9261169433594
