,agent,step,test_id,avg_reward,std_reward
0,ma2c,720,-1,-945.2772222222223,799.3355337285919
1,ma2c,1440,-1,-927.0802777777778,571.6762671204847
2,ma2c,2160,-1,-846.4316666666667,594.2681800121895
3,ma2c,2880,-1,-982.8766666666668,761.7198030407536
4,ma2c,3600,-1,-847.1138888888889,590.0715957749807
5,ma2c,4320,-1,-750.3830555555556,477.3160770758806
6,ma2c,5040,-1,-1148.831388888889,961.4704024237876
7,ma2c,5760,-1,-1267.3333333333333,1120.2336779539448
8,ma2c,6480,-1,-891.0825,670.501838446709
9,ma2c,7200,-1,-923.0277777777776,722.3343751765718
10,ma2c,7920,-1,-799.0697222222221,541.278354427872
11,ma2c,8640,-1,-850.4883333333335,620.4286530541248
12,ma2c,9360,-1,-1214.6066666666666,995.8474751352907
13,ma2c,10080,-1,-1005.5483333333334,800.5884655104228
14,ma2c,10800,-1,-1040.6594444444445,823.368945329507
15,ma2c,11520,-1,-1065.6755555555555,907.1401869870575
16,ma2c,12240,-1,-1022.2025000000001,873.836658169258
17,ma2c,12960,-1,-1155.1675,1010.2625715346235
18,ma2c,13680,-1,-903.3191666666668,650.369553296325
19,ma2c,14400,-1,-921.9744444444445,797.5337586113151
20,ma2c,15120,-1,-929.9566666666667,850.4471032018654
21,ma2c,15840,-1,-846.0202777777778,553.4839193487925
22,ma2c,16560,-1,-912.7877777777778,659.2665265830198
23,ma2c,17280,-1,-1130.9016666666669,1029.3115802415928
24,ma2c,18000,-1,-1155.3075000000001,965.1172735012138
25,ma2c,18720,-1,-890.0911111111112,726.2191613103588
26,ma2c,19440,-1,-873.0713888888888,746.7202350302465
27,ma2c,20160,-1,-1043.558611111111,830.418431881893
28,ma2c,20880,-1,-841.3027777777779,652.1774732838835
29,ma2c,21600,-1,-939.0805555555555,735.8642868232658
30,ma2c,22320,-1,-951.8108333333334,708.2643915817306
31,ma2c,23040,-1,-1158.985,948.1265659168201
32,ma2c,23760,-1,-658.9497222222222,353.1430834896664
33,ma2c,24480,-1,-924.896388888889,603.212234244727
34,ma2c,25200,-1,-1002.8330555555556,802.2084553604349
35,ma2c,25920,-1,-808.3991666666667,505.73086633699967
36,ma2c,26640,-1,-931.8041666666667,717.5377936886167
37,ma2c,27360,-1,-659.7730555555556,423.60708825330266
38,ma2c,28080,-1,-627.8572222222222,369.1948120994834
39,ma2c,28800,-1,-765.3161111111111,571.1942930449312
40,ma2c,29520,-1,-1059.2891666666667,946.5891238161801
41,ma2c,30240,-1,-1142.195,914.1363380429397
42,ma2c,30960,-1,-1009.2588888888889,824.6195998283013
43,ma2c,31680,-1,-825.4822222222222,607.3096911018075
44,ma2c,32400,-1,-1305.2800000000002,1227.0636469682863
45,ma2c,33120,-1,-874.7702777777778,595.0865610750634
46,ma2c,33840,-1,-1092.3536111111111,893.5179245315576
47,ma2c,34560,-1,-1229.2027777777778,1115.069292113502
48,ma2c,35280,-1,-594.9486111111111,323.20951696876455
49,ma2c,36000,-1,-697.2888888888889,501.7150071824629
50,ma2c,36720,-1,-845.7469444444445,567.5294525069918
51,ma2c,37440,-1,-572.6961111111112,276.4489830097025
52,ma2c,38160,-1,-676.26,444.453863822407
53,ma2c,38880,-1,-719.03,478.96008125242895
54,ma2c,39600,-1,-1049.2166666666667,972.8423344623847
55,ma2c,40320,-1,-1016.5377777777778,873.2675021725115
56,ma2c,41040,-1,-968.0125,749.8921817385742
57,ma2c,41760,-1,-705.5086111111111,464.6104005069001
58,ma2c,42480,-1,-883.3247222222222,762.4556720447795
59,ma2c,43200,-1,-926.5638888888891,776.1027885291061
60,ma2c,43920,-1,-981.1422222222222,657.7197734053577
61,ma2c,44640,-1,-1360.7616666666665,1378.9103449130887
62,ma2c,45360,-1,-924.7897222222224,789.8245565770574
63,ma2c,46080,-1,-893.9022222222223,881.105921489551
64,ma2c,46800,-1,-952.0366666666667,692.8837491800323
65,ma2c,47520,-1,-1046.9450000000002,966.6072879909514
66,ma2c,48240,-1,-856.2041666666667,560.6843825326083
67,ma2c,48960,-1,-770.59,517.817598634457
68,ma2c,49680,-1,-1120.9922222222222,925.589856821377
69,ma2c,50400,-1,-760.0094444444445,487.123755003367
70,ma2c,51120,-1,-707.9572222222223,434.9439701502502
71,ma2c,51840,-1,-710.0086111111112,487.1823956672398
72,ma2c,52560,-1,-1391.292777777778,1194.3378241394107
73,ma2c,53280,-1,-886.6625000000001,709.5084510767335
74,ma2c,54000,-1,-697.65,425.036230677914
75,ma2c,54720,-1,-847.9908333333334,567.4722195592731
76,ma2c,55440,-1,-1121.7486111111111,1012.6092927971687
77,ma2c,56160,-1,-733.5355555555557,517.3485574029502
78,ma2c,56880,-1,-832.7180555555556,552.7652597085525
79,ma2c,57600,-1,-1167.4172222222223,1089.4454706832664
80,ma2c,58320,-1,-1088.726111111111,923.5044224079811
81,ma2c,59040,-1,-880.1919444444444,644.661488941287
82,ma2c,59760,-1,-1043.0822222222223,919.6142979626209
83,ma2c,60480,-1,-1005.6316666666668,911.0257839365593
84,ma2c,61200,-1,-853.6283333333333,538.5725208337519
85,ma2c,61920,-1,-982.3058333333335,859.2238482551661
86,ma2c,62640,-1,-933.3202777777777,668.2507481227309
87,ma2c,63360,-1,-622.5805555555555,333.1550572593326
88,ma2c,64080,-1,-924.7594444444444,731.3383399401115
89,ma2c,64800,-1,-1251.616111111111,1144.1900012995068
90,ma2c,65520,-1,-885.9647222222222,561.9584596450075
91,ma2c,66240,-1,-930.6697222222223,901.2931123760957
92,ma2c,66960,-1,-988.7341666666666,803.8797062091201
93,ma2c,67680,-1,-1536.4305555555557,1398.7549822211824
94,ma2c,68400,-1,-1134.7744444444445,970.2148452288644
95,ma2c,69120,-1,-1033.4991666666667,1174.8152425425951
96,ma2c,69840,-1,-703.1408333333333,529.4821699855802
97,ma2c,70560,-1,-658.3605555555556,407.0844958696771
98,ma2c,71280,-1,-761.2108333333334,551.8918710967203
99,ma2c,72000,-1,-760.2630555555556,462.21961611770325
100,ma2c,72720,-1,-1051.3319444444446,937.2806178761083
101,ma2c,73440,-1,-935.5213888888887,757.3077375283401
102,ma2c,74160,-1,-719.3225000000001,515.6072072425061
103,ma2c,74880,-1,-1200.5027777777777,1053.5479936297031
104,ma2c,75600,-1,-1156.1716666666666,863.503538484354
105,ma2c,76320,-1,-685.4225000000001,428.60526827577615
106,ma2c,77040,-1,-1176.9433333333334,1208.0754867005069
107,ma2c,77760,-1,-847.0994444444445,564.0284284597741
108,ma2c,78480,-1,-836.5719444444445,562.5877293973282
109,ma2c,79200,-1,-827.1619444444445,646.64524779528
110,ma2c,79920,-1,-921.4383333333333,726.0072396161073
111,ma2c,80640,-1,-674.2936111111111,412.98311771153266
112,ma2c,81360,-1,-1112.1961111111111,1121.8322664712348
113,ma2c,82080,-1,-1242.6997222222221,1185.9946657177823
114,ma2c,82800,-1,-777.8647222222222,542.6710203346352
115,ma2c,83520,-1,-971.7138888888888,936.689884662646
116,ma2c,84240,-1,-1110.403611111111,1048.785997045189
117,ma2c,84960,-1,-765.3158333333333,538.0524283359332
118,ma2c,85680,-1,-888.1888888888889,683.4770158607212
119,ma2c,86400,-1,-935.7597222222222,621.5370740617619
120,ma2c,87120,-1,-740.478888888889,471.81653555273755
121,ma2c,87840,-1,-1112.6608333333334,970.4243135060818
122,ma2c,88560,-1,-861.1636111111112,748.98197512673
123,ma2c,89280,-1,-985.8519444444444,840.5472041220114
124,ma2c,90000,-1,-1414.0922222222225,1337.493697698778
125,ma2c,90720,-1,-734.3347222222222,503.9862740799931
126,ma2c,91440,-1,-915.8566666666667,610.7130698435868
127,ma2c,92160,-1,-817.4736111111112,592.4679185625571
128,ma2c,92880,-1,-856.3991666666667,642.5643445077224
129,ma2c,93600,-1,-716.8075,419.5570281716116
130,ma2c,94320,-1,-1223.0361111111113,1011.2620775965431
131,ma2c,95040,-1,-828.5419444444444,617.4883515919752
132,ma2c,95760,-1,-803.4008333333335,514.9264059060339
133,ma2c,96480,-1,-1395.49,1287.2951435773296
134,ma2c,97200,-1,-872.7177777777779,699.1142237110197
135,ma2c,97920,-1,-1057.7286111111111,793.3350204906877
136,ma2c,98640,-1,-1638.9013888888892,1516.0142942738091
137,ma2c,99360,-1,-1029.4672222222223,844.2150331212064
138,ma2c,100080,-1,-937.418888888889,850.3010179923141
139,ma2c,100800,-1,-948.6105555555555,766.5004876418847
140,ma2c,101520,-1,-1297.9972222222223,1313.2914501752439
141,ma2c,102240,-1,-1075.265,864.6647663802686
142,ma2c,102960,-1,-971.7641666666666,769.3539151596799
143,ma2c,103680,-1,-1145.178611111111,1063.6538304554333
144,ma2c,104400,-1,-842.8508333333333,587.2455710294885
145,ma2c,105120,-1,-955.5594444444445,1003.7332390850348
146,ma2c,105840,-1,-1165.5097222222223,937.9129382214834
147,ma2c,106560,-1,-1336.0558333333333,1214.9888048612606
148,ma2c,107280,-1,-1259.8983333333333,1122.6593390979692
149,ma2c,108000,-1,-1008.1833333333333,923.4515755516848
150,ma2c,108720,-1,-928.6516666666668,687.0883060644794
151,ma2c,109440,-1,-1077.0669444444445,799.9624946184784
152,ma2c,110160,-1,-1168.47,1121.6667092075277
153,ma2c,110880,-1,-742.9697222222221,468.69950468756343
154,ma2c,111600,-1,-860.5386111111112,684.0859372251283
155,ma2c,112320,-1,-1537.4755555555555,1341.3538050799532
156,ma2c,113040,-1,-700.3561111111111,460.19122748216665
157,ma2c,113760,-1,-984.256388888889,855.9810559224258
158,ma2c,114480,-1,-1078.2152777777778,920.2852304463551
159,ma2c,115200,-1,-1017.7724999999999,771.6290037384654
160,ma2c,115920,-1,-1124.7786111111113,956.2567776597944
161,ma2c,116640,-1,-706.7580555555556,494.9121790407726
162,ma2c,117360,-1,-950.0286111111111,823.3477220154743
163,ma2c,118080,-1,-1025.0283333333334,901.3164983496209
164,ma2c,118800,-1,-633.0302777777779,405.5770257367624
165,ma2c,119520,-1,-1181.2047222222225,933.2419569138367
166,ma2c,120240,-1,-932.036388888889,698.7402368693913
167,ma2c,120960,-1,-1284.6827777777778,1218.5760051219418
168,ma2c,121680,-1,-923.3133333333335,710.7221658597996
169,ma2c,122400,-1,-640.5136111111112,409.94782450299414
170,ma2c,123120,-1,-740.5708333333333,469.2442791747114
171,ma2c,123840,-1,-1152.6313888888888,1118.0175603188907
172,ma2c,124560,-1,-1048.8769444444445,927.908046762296
173,ma2c,125280,-1,-1011.3166666666667,717.6215899684797
174,ma2c,126000,-1,-1089.2222222222222,957.6566065462757
175,ma2c,126720,-1,-1148.6133333333335,1067.052433856931
176,ma2c,127440,-1,-1330.4877777777776,1249.923523022978
177,ma2c,128160,-1,-921.5125,1038.4770928620937
178,ma2c,128880,-1,-889.5036111111111,693.1659039735035
179,ma2c,129600,-1,-813.833888888889,664.9823430959059
180,ma2c,130320,-1,-1353.4944444444445,1440.8969180773104
181,ma2c,131040,-1,-903.6175,840.8230051393265
182,ma2c,131760,-1,-1194.3866666666665,1067.8958382102005
183,ma2c,132480,-1,-1391.9244444444446,1211.2987003681546
184,ma2c,133200,-1,-973.788611111111,904.7589352561536
185,ma2c,133920,-1,-837.4275,833.8148239463238
186,ma2c,134640,-1,-683.09,458.41881858550846
187,ma2c,135360,-1,-1173.7180555555558,971.054375755548
188,ma2c,136080,-1,-809.7022222222222,642.3654288777409
189,ma2c,136800,-1,-985.2550000000001,873.445806928894
190,ma2c,137520,-1,-679.9466666666666,442.9707008620573
191,ma2c,138240,-1,-949.2,793.9327554788392
192,ma2c,138960,-1,-672.6525,427.90032285487416
193,ma2c,139680,-1,-1284.4744444444445,1157.6364032478814
194,ma2c,140400,-1,-1052.835,1093.9873761700565
195,ma2c,141120,-1,-764.1650000000001,554.2864395854668
196,ma2c,141840,-1,-835.88,576.8104554261208
197,ma2c,142560,-1,-729.1116666666667,534.1639037656056
198,ma2c,143280,-1,-928.2516666666668,605.9270569388328
199,ma2c,144000,-1,-1220.9208333333333,1243.1749157832292
200,ma2c,144720,-1,-977.4758333333334,895.1334918909365
201,ma2c,145440,-1,-986.4180555555556,1048.4582676252664
202,ma2c,146160,-1,-646.6113888888889,363.04916905024174
203,ma2c,146880,-1,-598.4277777777778,429.9035762761944
204,ma2c,147600,-1,-994.3183333333333,977.4726768545618
205,ma2c,148320,-1,-971.3925000000002,898.2648808176889
206,ma2c,149040,-1,-753.4902777777778,571.6697193455235
207,ma2c,149760,-1,-1078.8897222222222,951.80111992704
208,ma2c,150480,-1,-703.6438888888889,419.8122509810373
209,ma2c,151200,-1,-663.0763888888889,473.5410662682968
210,ma2c,151920,-1,-1554.1472222222226,1381.6737972445899
211,ma2c,152640,-1,-552.2541666666667,298.70278038615015
212,ma2c,153360,-1,-525.7005555555556,325.78697010252
213,ma2c,154080,-1,-651.68,428.99233797871545
214,ma2c,154800,-1,-824.8711111111112,708.0260976427422
215,ma2c,155520,-1,-948.32,907.6024831267143
216,ma2c,156240,-1,-1144.6619444444445,1000.015996481277
217,ma2c,156960,-1,-696.8544444444444,457.8193031853679
218,ma2c,157680,-1,-961.35,800.3277827448785
219,ma2c,158400,-1,-647.8433333333332,438.8407516906839
220,ma2c,159120,-1,-935.3952777777778,850.5689362812338
221,ma2c,159840,-1,-842.6427777777778,605.4390293672625
222,ma2c,160560,-1,-691.2447222222222,441.9306396683767
223,ma2c,161280,-1,-739.9983333333334,577.0626485318172
224,ma2c,162000,-1,-953.3111111111111,794.2814322734234
225,ma2c,162720,-1,-562.2383333333333,327.6028918565551
226,ma2c,163440,-1,-727.4155555555557,644.110124281919
227,ma2c,164160,-1,-1116.8138888888889,1065.716402669214
228,ma2c,164880,-1,-875.0944444444444,791.8881502615703
229,ma2c,165600,-1,-683.6983333333334,430.7441678169692
230,ma2c,166320,-1,-772.1083333333333,529.2337636595215
231,ma2c,167040,-1,-529.4169444444444,303.4119495039289
232,ma2c,167760,-1,-927.2563888888889,897.6911174342171
233,ma2c,168480,-1,-633.3711111111111,425.0723506375629
234,ma2c,169200,-1,-878.5088888888889,673.1953745870749
235,ma2c,169920,-1,-490.40333333333336,242.59950350320176
236,ma2c,170640,-1,-626.2994444444445,406.620501750878
237,ma2c,171360,-1,-1007.7027777777778,745.1462450739717
238,ma2c,172080,-1,-692.6761111111111,477.9428153687995
239,ma2c,172800,-1,-772.6155555555555,757.9328565851714
240,ma2c,173520,-1,-893.1536111111112,836.6598653198083
241,ma2c,174240,-1,-674.5316666666666,496.1127138928322
242,ma2c,174960,-1,-930.7855555555556,801.2487078250784
243,ma2c,175680,-1,-614.7172222222223,399.9971233689001
244,ma2c,176400,-1,-611.4263888888889,383.62262044193596
245,ma2c,177120,-1,-824.5552777777779,692.0742076058435
246,ma2c,177840,-1,-581.8052777777779,324.5197582153436
247,ma2c,178560,-1,-510.9713888888889,254.2472521718964
248,ma2c,179280,-1,-747.8511111111112,575.853024023095
249,ma2c,180000,-1,-669.1083333333333,436.6099402562378
250,ma2c,180720,-1,-766.6844444444444,560.29145677567
251,ma2c,181440,-1,-477.9597222222223,275.80859725930424
252,ma2c,182160,-1,-387.02416666666664,174.6844893081842
253,ma2c,182880,-1,-630.0508333333335,418.54292110231796
254,ma2c,183600,-1,-800.74,690.0081681964191
255,ma2c,184320,-1,-825.1808333333335,639.832489727129
256,ma2c,185040,-1,-1109.6583333333333,1025.9196325127034
257,ma2c,185760,-1,-1215.3825000000002,1118.3582107885625
258,ma2c,186480,-1,-1082.3622222222223,863.3736335610413
259,ma2c,187200,-1,-613.1158333333334,400.53488858216554
260,ma2c,187920,-1,-766.9583333333334,622.4842783713051
261,ma2c,188640,-1,-921.9663888888888,827.6239977813757
262,ma2c,189360,-1,-796.5930555555556,558.6473057569976
263,ma2c,190080,-1,-631.9872222222222,355.692658614546
264,ma2c,190800,-1,-723.413888888889,496.2647688553951
265,ma2c,191520,-1,-1356.0658333333336,1292.4496016605983
266,ma2c,192240,-1,-1035.931388888889,898.1728007542523
267,ma2c,192960,-1,-555.6291666666667,319.9357183428068
268,ma2c,193680,-1,-1239.8194444444443,1181.7116837027936
269,ma2c,194400,-1,-767.4872222222223,515.2323090424094
270,ma2c,195120,-1,-840.4100000000001,744.7798635316494
271,ma2c,195840,-1,-769.7805555555556,542.7359892860967
272,ma2c,196560,-1,-1059.1402777777778,978.6094886452868
273,ma2c,197280,-1,-833.0672222222222,562.9905288655254
274,ma2c,198000,-1,-911.3747222222223,795.4381751063936
275,ma2c,198720,-1,-572.1272222222221,319.81766686149217
276,ma2c,199440,-1,-748.4083333333333,529.1903957278095
277,ma2c,200160,-1,-778.4825000000001,709.9804281530701
278,ma2c,200880,-1,-805.0158333333334,622.2034862972215
279,ma2c,201600,-1,-757.7261111111112,466.82465966759446
280,ma2c,202320,-1,-715.6272222222223,438.7623518148084
281,ma2c,203040,-1,-1161.1588888888891,1026.3085097024452
282,ma2c,203760,-1,-939.4594444444446,716.729633140638
283,ma2c,204480,-1,-617.8655555555555,379.0629940791463
284,ma2c,205200,-1,-1015.8263888888889,858.1777820366852
285,ma2c,205920,-1,-676.5805555555555,402.4320222233843
286,ma2c,206640,-1,-584.5805555555555,324.49078921994106
287,ma2c,207360,-1,-848.3447222222221,618.01618587212
288,ma2c,208080,-1,-520.8630555555555,264.0436472159632
289,ma2c,208800,-1,-773.2316666666667,579.879932109992
290,ma2c,209520,-1,-1126.6230555555555,1009.1627788923722
291,ma2c,210240,-1,-752.6977777777778,643.9344754411961
292,ma2c,210960,-1,-580.6538888888889,335.44045685633637
293,ma2c,211680,-1,-1055.904166666667,884.0358641445212
294,ma2c,212400,-1,-721.5805555555556,565.4252642035827
295,ma2c,213120,-1,-556.5641666666666,372.6034490124484
296,ma2c,213840,-1,-539.5158333333333,306.6277201254081
297,ma2c,214560,-1,-1238.5191666666665,1263.089760015044
298,ma2c,215280,-1,-685.9622222222223,445.79198277467134
299,ma2c,216000,-1,-709.885,501.51237782165794
300,ma2c,216720,-1,-843.675,755.5125603320203
301,ma2c,217440,-1,-608.5955555555556,389.13603188805354
302,ma2c,218160,-1,-1228.7580555555555,1285.8100466530807
303,ma2c,218880,-1,-814.2897222222222,730.5677823179955
304,ma2c,219600,-1,-605.7536111111111,400.90417380004067
305,ma2c,220320,-1,-1085.281388888889,1030.7730151516082
306,ma2c,221040,-1,-957.4830555555557,711.4538377635203
307,ma2c,221760,-1,-612.7094444444446,365.57718309502224
308,ma2c,222480,-1,-804.6766666666667,622.6112233613811
309,ma2c,223200,-1,-600.3875,376.7163707757026
310,ma2c,223920,-1,-615.491388888889,466.0050413810084
311,ma2c,224640,-1,-1010.4513888888889,940.0558485615297
312,ma2c,225360,-1,-728.376111111111,646.7327008264001
313,ma2c,226080,-1,-445.0205555555555,231.42395011878145
314,ma2c,226800,-1,-434.1316666666667,230.50540002712881
315,ma2c,227520,-1,-829.9005555555556,706.744530851552
316,ma2c,228240,-1,-821.4866666666667,732.166437165151
317,ma2c,228960,-1,-609.5819444444444,555.3386010720519
318,ma2c,229680,-1,-717.2025,557.8041263585623
319,ma2c,230400,-1,-731.9025,575.2798618396046
320,ma2c,231120,-1,-577.5227777777778,390.3104134077211
321,ma2c,231840,-1,-625.8936111111111,497.27268504565524
322,ma2c,232560,-1,-711.6852777777779,603.8956328197877
323,ma2c,233280,-1,-434.50805555555553,215.8653264360218
324,ma2c,234000,-1,-503.58305555555563,332.3952336060144
325,ma2c,234720,-1,-626.0575,527.9557495918416
326,ma2c,235440,-1,-498.46916666666675,279.92954995533154
327,ma2c,236160,-1,-687.1400000000001,549.3346933235592
328,ma2c,236880,-1,-678.5575,600.40310831268
329,ma2c,237600,-1,-771.5797222222222,767.003557633304
330,ma2c,238320,-1,-1024.1019444444446,933.7750498776443
331,ma2c,239040,-1,-787.1555555555556,764.2844777395262
332,ma2c,239760,-1,-899.6111111111111,928.9427456875005
333,ma2c,240480,-1,-921.1691666666667,857.3487186245067
334,ma2c,241200,-1,-559.2605555555556,388.46377851984295
335,ma2c,241920,-1,-387.16361111111115,161.57143916431068
336,ma2c,242640,-1,-559.6247222222222,468.84501075625616
337,ma2c,243360,-1,-654.4952777777778,577.9090778929104
338,ma2c,244080,-1,-767.1172222222223,804.787529816311
339,ma2c,244800,-1,-558.2205555555555,339.4460577662152
340,ma2c,245520,-1,-503.6361111111111,301.94130008329046
341,ma2c,246240,-1,-707.666111111111,662.1124316797537
342,ma2c,246960,-1,-542.4233333333333,339.17423318341207
343,ma2c,247680,-1,-637.0205555555556,512.5319400559043
344,ma2c,248400,-1,-448.8091666666666,214.60973099604416
345,ma2c,249120,-1,-515.8766666666666,317.60067941782916
346,ma2c,249840,-1,-837.7877777777778,977.5128437721452
347,ma2c,250560,-1,-420.20944444444444,217.48690080534408
348,ma2c,251280,-1,-697.6952777777777,702.8735527026263
349,ma2c,252000,-1,-584.1988888888889,520.0048207029633
350,ma2c,252720,-1,-384.6747222222222,182.25451442337612
351,ma2c,253440,-1,-503.5627777777778,373.1086074427117
352,ma2c,254160,-1,-538.1380555555555,319.33971983279156
353,ma2c,254880,-1,-441.22888888888895,241.8133767297254
354,ma2c,255600,-1,-545.7875,331.8473975077082
355,ma2c,256320,-1,-739.1366666666667,735.1682802748105
356,ma2c,257040,-1,-789.0980555555557,628.7351789254689
357,ma2c,257760,-1,-600.1252777777778,532.0887818827591
358,ma2c,258480,-1,-611.4250000000001,433.7383885573576
359,ma2c,259200,-1,-805.0594444444445,724.0999135476343
360,ma2c,259920,-1,-646.6855555555555,464.30116018260566
361,ma2c,260640,-1,-787.3375,703.7673886814647
362,ma2c,261360,-1,-941.2672222222222,899.377104156634
363,ma2c,262080,-1,-578.575,486.9271959469689
364,ma2c,262800,-1,-466.99638888888893,250.1846840908263
365,ma2c,263520,-1,-670.8644444444444,511.7890771729896
366,ma2c,264240,-1,-949.3777777777777,879.2288442187125
367,ma2c,264960,-1,-610.1427777777777,507.387548519161
368,ma2c,265680,-1,-538.6088888888889,320.67768021434597
369,ma2c,266400,-1,-614.6175,438.11383626528317
370,ma2c,267120,-1,-528.5730555555555,326.90231109036097
371,ma2c,267840,-1,-468.11722222222227,237.93314451532515
372,ma2c,268560,-1,-544.8888888888889,339.6555537745211
373,ma2c,269280,-1,-467.9480555555555,236.2956002355177
374,ma2c,270000,-1,-1219.4611111111112,1225.9605177342416
375,ma2c,270720,-1,-1032.0483333333334,1129.6073302984046
376,ma2c,271440,-1,-1084.6027777777779,918.9234971742484
377,ma2c,272160,-1,-497.33444444444444,263.34405111569293
378,ma2c,272880,-1,-1106.0983333333334,1108.7940505579825
379,ma2c,273600,-1,-1049.7447222222222,999.3249947950591
380,ma2c,274320,-1,-810.6227777777779,758.6960233285173
381,ma2c,275040,-1,-682.3033333333334,646.5679920334924
382,ma2c,275760,-1,-1354.5566666666668,1214.7827295492439
383,ma2c,276480,-1,-612.615,401.7595783239026
384,ma2c,277200,-1,-537.3427777777779,340.00970468675274
385,ma2c,277920,-1,-1170.2366666666665,1227.3545162892242
386,ma2c,278640,-1,-746.2891666666666,651.9627489310643
387,ma2c,279360,-1,-673.7819444444444,614.3624090212888
388,ma2c,280080,-1,-679.8669444444446,527.3907186607975
389,ma2c,280800,-1,-602.4697222222223,403.2652015112671
390,ma2c,281520,-1,-448.96805555555557,238.27414260701482
391,ma2c,282240,-1,-592.7291666666666,418.2159563542567
392,ma2c,282960,-1,-825.47,706.9438875972486
393,ma2c,283680,-1,-931.7188888888887,693.6026109931703
394,ma2c,284400,-1,-677.0555555555554,606.2681049046629
395,ma2c,285120,-1,-806.1294444444444,727.2539799514658
396,ma2c,285840,-1,-595.5030555555555,396.2711365433146
397,ma2c,286560,-1,-573.6263888888889,474.3561013782132
398,ma2c,287280,-1,-1335.3463888888891,1230.5637903295762
399,ma2c,288000,-1,-599.5452777777779,387.43410028162714
400,ma2c,288720,-1,-662.3827777777778,492.29048147190446
401,ma2c,289440,-1,-840.3883333333334,739.4795741131433
402,ma2c,290160,-1,-831.5038888888888,876.8600192266779
403,ma2c,290880,-1,-1018.425,953.6209805190484
404,ma2c,291600,-1,-523.5297222222223,298.6625005381503
405,ma2c,292320,-1,-1315.456111111111,1280.1370737656655
406,ma2c,293040,-1,-1153.8527777777779,1116.891364454164
407,ma2c,293760,-1,-893.7002777777777,855.0285066072557
408,ma2c,294480,-1,-1074.4672222222225,1041.2764225982219
409,ma2c,295200,-1,-503.7213888888889,269.094728649522
410,ma2c,295920,-1,-788.6955555555556,669.5890762933324
411,ma2c,296640,-1,-695.01,459.179759293073
412,ma2c,297360,-1,-603.1805555555557,437.2503388725225
413,ma2c,298080,-1,-632.0355555555556,425.558014144334
414,ma2c,298800,-1,-945.458888888889,901.8614499275552
415,ma2c,299520,-1,-1172.7936111111112,1044.0974094154583
416,ma2c,300240,-1,-520.1369444444445,291.97060672379945
417,ma2c,300960,-1,-1085.79,1112.8364616350618
418,ma2c,301680,-1,-672.9688888888888,464.44362440916444
419,ma2c,302400,-1,-669.1633333333333,501.6774306597152
420,ma2c,303120,-1,-1105.7216666666668,1010.3790516861042
421,ma2c,303840,-1,-654.66,542.7712490952745
422,ma2c,304560,-1,-577.5322222222223,370.5634404608378
423,ma2c,305280,-1,-692.8041666666666,530.2763332393309
424,ma2c,306000,-1,-488.90333333333336,293.67340493593673
425,ma2c,306720,-1,-568.7708333333334,412.5740275451924
426,ma2c,307440,-1,-757.9955555555555,593.3289041803059
427,ma2c,308160,-1,-574.7158333333334,375.6011940496566
428,ma2c,308880,-1,-560.5475,350.7086639448364
429,ma2c,309600,-1,-525.7661111111111,295.98011882630243
430,ma2c,310320,-1,-813.5450000000001,644.4432616844989
431,ma2c,311040,-1,-667.4752777777778,573.108887123488
432,ma2c,311760,-1,-1151.3616666666667,1113.0207052968262
433,ma2c,312480,-1,-736.3858333333334,599.8942217585576
434,ma2c,313200,-1,-499.07972222222224,279.06048613543453
435,ma2c,313920,-1,-554.09,363.72858075157575
436,ma2c,314640,-1,-549.58,357.46008439171686
437,ma2c,315360,-1,-755.0916666666667,634.2480034896093
438,ma2c,316080,-1,-586.8966666666666,440.53042105827126
439,ma2c,316800,-1,-548.8536111111111,328.899914298938
440,ma2c,317520,-1,-627.495,406.26247382900954
441,ma2c,318240,-1,-656.8675,540.586599753119
442,ma2c,318960,-1,-896.3877777777778,832.9490083536231
443,ma2c,319680,-1,-1029.8891666666668,987.143602800173
444,ma2c,320400,-1,-457.5519444444445,215.49620097604512
445,ma2c,321120,-1,-686.1586111111111,467.3143855030262
446,ma2c,321840,-1,-1448.4866666666667,1465.9617256031393
447,ma2c,322560,-1,-692.4261111111111,419.16655730467613
448,ma2c,323280,-1,-640.7322222222223,475.81056427200053
449,ma2c,324000,-1,-1374.523888888889,1385.9920685144186
450,ma2c,324720,-1,-879.8486111111112,663.8623902112245
451,ma2c,325440,-1,-726.6283333333333,629.363828602167
452,ma2c,326160,-1,-700.916111111111,538.3256385068107
453,ma2c,326880,-1,-840.0025,739.5635391862893
454,ma2c,327600,-1,-616.4888888888889,464.99911539807005
455,ma2c,328320,-1,-1035.02,901.4973339086725
456,ma2c,329040,-1,-546.6052777777778,286.6740629373958
457,ma2c,329760,-1,-559.1855555555555,345.1691529159165
458,ma2c,330480,-1,-700.9191666666667,551.6035606095046
459,ma2c,331200,-1,-502.76611111111106,302.8904773940371
460,ma2c,331920,-1,-823.9716666666666,701.6948052770363
461,ma2c,332640,-1,-924.0122222222222,800.0529698891162
462,ma2c,333360,-1,-859.2980555555557,903.5285982048366
463,ma2c,334080,-1,-840.4,713.4310809196794
464,ma2c,334800,-1,-915.3897222222222,858.6163424402533
465,ma2c,335520,-1,-560.5905555555556,339.30983533526836
466,ma2c,336240,-1,-829.6738888888888,744.5790275095712
467,ma2c,336960,-1,-644.6877777777777,558.8819893974393
468,ma2c,337680,-1,-756.6027777777778,740.225880460414
469,ma2c,338400,-1,-656.6627777777778,473.7272259586799
470,ma2c,339120,-1,-579.8597222222222,412.013833694305
471,ma2c,339840,-1,-774.6691666666667,697.1453723294853
472,ma2c,340560,-1,-555.9708333333333,356.79332546132366
473,ma2c,341280,-1,-509.55583333333345,370.0386653886846
474,ma2c,342000,-1,-694.2344444444444,552.309926714081
475,ma2c,342720,-1,-650.7380555555555,453.9954735415532
476,ma2c,343440,-1,-719.6002777777778,631.8808219645455
477,ma2c,344160,-1,-749.2163888888888,778.2412049745845
478,ma2c,344880,-1,-634.5288888888889,478.7292012875673
479,ma2c,345600,-1,-583.2497222222222,500.5142278196723
480,ma2c,346320,-1,-441.2627777777778,227.66839055729852
481,ma2c,347040,-1,-453.25916666666666,265.45044421254767
482,ma2c,347760,-1,-577.211111111111,384.1879227509037
483,ma2c,348480,-1,-470.11722222222227,242.66818047388531
484,ma2c,349200,-1,-582.348888888889,383.7238931385849
485,ma2c,349920,-1,-632.2769444444444,568.0065843921933
486,ma2c,350640,-1,-641.6066666666667,530.3938279555423
487,ma2c,351360,-1,-588.1175000000001,412.29218135305587
488,ma2c,352080,-1,-575.8455555555556,422.15492842244305
489,ma2c,352800,-1,-816.3147222222221,855.8215838238785
490,ma2c,353520,-1,-670.7397222222223,567.2550339426317
491,ma2c,354240,-1,-575.2819444444444,381.0078271383196
492,ma2c,354960,-1,-596.3691666666667,447.52918377138644
493,ma2c,355680,-1,-529.4483333333334,333.9530450984922
494,ma2c,356400,-1,-1115.9819444444443,1076.9186188465874
495,ma2c,357120,-1,-441.90277777777777,215.56507213743438
496,ma2c,357840,-1,-699.0616666666666,582.12979526095
497,ma2c,358560,-1,-490.6516666666667,306.3395838997776
498,ma2c,359280,-1,-727.5419444444444,715.5800529148031
499,ma2c,360000,-1,-494.26638888888886,392.1216906965714
500,ma2c,360720,-1,-502.39166666666665,323.7861632097813
501,ma2c,361440,-1,-722.49,511.0206987653892
502,ma2c,362160,-1,-435.04194444444454,244.95422195131624
503,ma2c,362880,-1,-389.82166666666666,177.65996134157209
504,ma2c,363600,-1,-776.2680555555555,689.6413579870476
505,ma2c,364320,-1,-571.9338888888889,441.3485360755009
506,ma2c,365040,-1,-624.0416666666666,503.9644184281929
507,ma2c,365760,-1,-429.28000000000003,213.97682595188772
508,ma2c,366480,-1,-489.4044444444444,296.56164767065854
509,ma2c,367200,-1,-447.6255555555556,287.17175544383076
510,ma2c,367920,-1,-695.7611111111111,568.234244479128
511,ma2c,368640,-1,-695.5152777777778,707.6151617227565
512,ma2c,369360,-1,-412.55583333333334,204.03811516036518
513,ma2c,370080,-1,-1392.8933333333334,1308.9396451411435
514,ma2c,370800,-1,-956.8836111111112,1043.9333912650131
515,ma2c,371520,-1,-625.4425000000001,600.3018124469419
516,ma2c,372240,-1,-519.5172222222222,324.4930778803825
517,ma2c,372960,-1,-636.5302777777778,444.709518393662
518,ma2c,373680,-1,-866.6977777777778,903.1672816603403
519,ma2c,374400,-1,-808.8138888888889,772.9399986245799
520,ma2c,375120,-1,-1069.8844444444444,1214.7678518878606
521,ma2c,375840,-1,-620.6030555555554,365.3404650179781
522,ma2c,376560,-1,-1167.308888888889,1096.2601173631137
523,ma2c,377280,-1,-780.5150000000001,641.6908693249422
524,ma2c,378000,-1,-440.25916666666666,233.38492120047087
525,ma2c,378720,-1,-592.5780555555556,584.5400417009726
526,ma2c,379440,-1,-982.1108333333334,814.139085915897
527,ma2c,380160,-1,-452.19444444444446,228.37867718190773
528,ma2c,380880,-1,-955.8638888888889,784.6885954358575
529,ma2c,381600,-1,-567.9905555555556,303.0894210179971
530,ma2c,382320,-1,-532.2236111111112,293.6862953112156
531,ma2c,383040,-1,-449.39722222222224,238.88891675387435
532,ma2c,383760,-1,-841.9638888888888,678.5439189309782
533,ma2c,384480,-1,-545.1733333333333,320.6792330524556
534,ma2c,385200,-1,-558.2111111111111,421.04166129162314
535,ma2c,385920,-1,-492.5447222222222,274.9736478281562
536,ma2c,386640,-1,-861.0355555555556,918.8185518868011
537,ma2c,387360,-1,-650.8522222222222,628.8852156753741
538,ma2c,388080,-1,-478.43055555555554,313.1062798967828
539,ma2c,388800,-1,-562.9644444444444,366.21084858956783
540,ma2c,389520,-1,-597.2908333333334,484.3373473386946
541,ma2c,390240,-1,-614.5277777777778,417.02481475001457
542,ma2c,390960,-1,-713.9216666666666,696.5787302376124
543,ma2c,391680,-1,-825.8736111111111,849.2224513395664
544,ma2c,392400,-1,-730.2805555555556,609.6332182001114
545,ma2c,393120,-1,-684.8949999999999,520.8025221579779
546,ma2c,393840,-1,-573.9536111111112,592.2566315122974
547,ma2c,394560,-1,-730.5800000000002,589.5356804205229
548,ma2c,395280,-1,-818.2397222222223,598.4889245516863
549,ma2c,396000,-1,-967.1969444444445,883.3362997067156
550,ma2c,396720,-1,-518.5036111111111,337.9941886224014
551,ma2c,397440,-1,-828.6441666666667,735.2787412451711
552,ma2c,398160,-1,-928.8155555555556,820.9564223664319
553,ma2c,398880,-1,-475.51888888888885,278.05643567626277
554,ma2c,399600,-1,-719.8419444444445,509.78885941643335
555,ma2c,400320,-1,-891.3922222222225,943.9107234417856
556,ma2c,401040,-1,-483.51666666666665,285.5388750532345
557,ma2c,401760,-1,-433.40333333333336,204.13130276042102
558,ma2c,402480,-1,-844.6302777777778,686.9587252884432
559,ma2c,403200,-1,-828.3322222222223,694.5228551279373
560,ma2c,403920,-1,-571.1541666666667,353.18875636340374
561,ma2c,404640,-1,-564.3055555555557,337.5338932318456
562,ma2c,405360,-1,-665.9713888888889,447.11146461762246
563,ma2c,406080,-1,-621.7597222222222,452.86069318638835
564,ma2c,406800,-1,-984.861388888889,897.2015878758574
565,ma2c,407520,-1,-604.3527777777779,377.5982754978506
566,ma2c,408240,-1,-1522.4383333333335,1323.284944445913
567,ma2c,408960,-1,-592.0819444444444,320.5579150422262
568,ma2c,409680,-1,-823.0644444444445,822.0750750132403
569,ma2c,410400,-1,-765.4302777777779,626.3872252182267
570,ma2c,411120,-1,-685.9294444444446,438.35327194160834
571,ma2c,411840,-1,-805.8519444444445,755.4374915839586
572,ma2c,412560,-1,-748.7794444444444,449.9686272023395
573,ma2c,413280,-1,-917.881388888889,733.8589515463701
574,ma2c,414000,-1,-821.0002777777779,760.2394191232206
575,ma2c,414720,-1,-648.3394444444444,463.59687804495053
576,ma2c,415440,-1,-611.6008333333334,392.08079403977587
577,ma2c,416160,-1,-803.7022222222223,526.1518313773396
578,ma2c,416880,-1,-711.141388888889,537.5198867207549
579,ma2c,417600,-1,-584.3983333333334,366.9566074824107
580,ma2c,418320,-1,-578.4780555555556,351.9954361550685
581,ma2c,419040,-1,-698.9022222222222,553.1601804335558
582,ma2c,419760,-1,-1033.5825,816.4759253267633
583,ma2c,420480,-1,-456.98138888888883,209.23459279070758
584,ma2c,421200,-1,-526.131388888889,307.76869040322384
585,ma2c,421920,-1,-1027.6208333333334,922.9883816888698
586,ma2c,422640,-1,-673.828888888889,554.8782823976293
587,ma2c,423360,-1,-970.3708333333333,717.6276320738857
588,ma2c,424080,-1,-516.1138888888889,280.6228891559095
589,ma2c,424800,-1,-475.2213888888889,226.99612903763577
590,ma2c,425520,-1,-737.7033333333334,489.1234620216045
591,ma2c,426240,-1,-630.2294444444444,427.18147642388635
592,ma2c,426960,-1,-734.4405555555556,577.7141496350771
593,ma2c,427680,-1,-677.4158333333334,430.68822059631106
594,ma2c,428400,-1,-1101.5161111111113,1201.160751461495
595,ma2c,429120,-1,-576.5227777777778,408.0531813556981
596,ma2c,429840,-1,-645.7327777777779,511.43760609249034
597,ma2c,430560,-1,-865.4405555555556,915.6082023683142
598,ma2c,431280,-1,-806.175,686.952590097502
599,ma2c,432000,-1,-731.2061111111111,485.389511591108
600,ma2c,432720,-1,-460.82055555555564,257.8227434147608
601,ma2c,433440,-1,-834.1469444444446,756.6132322664358
602,ma2c,434160,-1,-492.31805555555553,325.08548090651345
603,ma2c,434880,-1,-477.03222222222223,274.2310600480218
604,ma2c,435600,-1,-595.66,396.9177407921641
605,ma2c,436320,-1,-491.74583333333334,266.8524548829996
606,ma2c,437040,-1,-429.27166666666665,200.05447085314873
607,ma2c,437760,-1,-472.29083333333335,268.58437785374514
608,ma2c,438480,-1,-750.1847222222223,632.5295507720749
609,ma2c,439200,-1,-781.2883333333334,719.0621403973219
610,ma2c,439920,-1,-728.2644444444445,633.2836849506637
611,ma2c,440640,-1,-445.52916666666664,237.76175314885415
612,ma2c,441360,-1,-772.6772222222223,753.349281861457
613,ma2c,442080,-1,-584.7897222222222,528.3615853171119
614,ma2c,442800,-1,-509.4313888888889,372.60534239514647
615,ma2c,443520,-1,-456.5336111111111,260.9486351825327
616,ma2c,444240,-1,-548.115,335.5708292472197
617,ma2c,444960,-1,-533.0450000000001,339.12047052714996
618,ma2c,445680,-1,-457.14250000000004,268.9468860706205
619,ma2c,446400,-1,-492.62,272.02361895002184
620,ma2c,447120,-1,-679.5269444444444,479.25600610227934
621,ma2c,447840,-1,-527.6622222222223,327.0082518760983
622,ma2c,448560,-1,-538.0477777777778,356.60326484072147
623,ma2c,449280,-1,-672.405,460.6888205930816
624,ma2c,450000,-1,-743.5261111111112,547.8857542979689
625,ma2c,450720,-1,-900.1211111111112,797.4336242659175
626,ma2c,451440,-1,-791.8988888888888,900.4961350394502
627,ma2c,452160,-1,-619.6377777777778,499.7827629364533
628,ma2c,452880,-1,-497.1161111111111,267.4863501530683
629,ma2c,453600,-1,-505.15777777777777,306.66450614375816
630,ma2c,454320,-1,-599.9541666666667,389.3412886735392
631,ma2c,455040,-1,-1086.3172222222222,974.5914746036217
632,ma2c,455760,-1,-755.9477777777778,689.1165735487039
633,ma2c,456480,-1,-1116.9180555555554,1189.9980657811532
634,ma2c,457200,-1,-519.0297222222223,303.80101410651196
635,ma2c,457920,-1,-676.68,694.0648882089085
636,ma2c,458640,-1,-680.3547222222222,569.7213969271205
637,ma2c,459360,-1,-655.2794444444444,501.52861624318354
638,ma2c,460080,-1,-570.4733333333334,435.8977686721204
639,ma2c,460800,-1,-1175.9005555555557,1248.881096154884
640,ma2c,461520,-1,-856.2458333333333,710.600717827588
641,ma2c,462240,-1,-591.6980555555556,459.82469364433666
642,ma2c,462960,-1,-680.3316666666666,561.5028164542999
643,ma2c,463680,-1,-885.9308333333332,792.9693393570881
644,ma2c,464400,-1,-486.10833333333335,285.996916334386
645,ma2c,465120,-1,-549.9769444444444,312.9598507647005
646,ma2c,465840,-1,-1051.5869444444445,1169.6223891574757
647,ma2c,466560,-1,-493.9266666666668,292.5308755973936
648,ma2c,467280,-1,-693.6963888888889,540.7781934790968
649,ma2c,468000,-1,-844.9380555555556,833.1881609527195
650,ma2c,468720,-1,-638.8805555555556,471.287093393922
651,ma2c,469440,-1,-679.8924999999999,472.5451116023798
652,ma2c,470160,-1,-574.9302777777779,420.07365078430735
653,ma2c,470880,-1,-654.0177777777778,495.1954642311072
654,ma2c,471600,-1,-601.4988888888889,446.7022756936398
655,ma2c,472320,-1,-771.1166666666667,764.3748097119777
656,ma2c,473040,-1,-640.9266666666667,512.7210216742304
657,ma2c,473760,-1,-735.6261111111112,642.3313969754491
658,ma2c,474480,-1,-778.6230555555555,635.6044693147506
659,ma2c,475200,-1,-709.4061111111113,549.300105757205
660,ma2c,475920,-1,-856.1455555555556,707.6447160453567
661,ma2c,476640,-1,-690.8675,548.0264904884466
662,ma2c,477360,-1,-526.9213888888889,315.7646903211734
663,ma2c,478080,-1,-752.6627777777778,583.3285226021208
664,ma2c,478800,-1,-852.6227777777779,650.304093852386
665,ma2c,479520,-1,-1020.0894444444444,948.6695343126735
666,ma2c,480240,-1,-930.8041666666667,843.3929189321317
667,ma2c,480960,-1,-905.181388888889,604.2362551539882
668,ma2c,481680,-1,-1232.2450000000001,1229.0051305278953
669,ma2c,482400,-1,-942.1700000000001,915.2204306978001
670,ma2c,483120,-1,-1098.05,976.8031098947218
671,ma2c,483840,-1,-847.8861111111111,570.2331997879745
672,ma2c,484560,-1,-1401.0077777777778,1297.822495586595
673,ma2c,485280,-1,-911.7138888888891,685.5615570273508
674,ma2c,486000,-1,-787.1866666666667,636.360746083191
675,ma2c,486720,-1,-972.916388888889,742.125425800985
676,ma2c,487440,-1,-1071.7594444444444,1017.3974153690834
677,ma2c,488160,-1,-912.3322222222222,806.518105373377
678,ma2c,488880,-1,-789.3688888888888,721.4767490893545
679,ma2c,489600,-1,-648.3333333333334,421.5038581608056
680,ma2c,490320,-1,-578.4972222222223,355.9602163991794
681,ma2c,491040,-1,-1018.7558333333334,918.938419285098
682,ma2c,491760,-1,-951.5177777777778,867.4023110641949
683,ma2c,492480,-1,-706.4097222222222,493.4849805942883
684,ma2c,493200,-1,-1017.8858333333334,1200.4631296662944
685,ma2c,493920,-1,-976.6919444444445,935.1359036356381
686,ma2c,494640,-1,-912.6183333333335,765.069296206051
687,ma2c,495360,-1,-732.2797222222223,623.4881918421468
688,ma2c,496080,-1,-1009.0697222222221,1055.3492885585486
689,ma2c,496800,-1,-1011.2019444444445,906.4504752951955
690,ma2c,497520,-1,-703.4563888888889,633.662000586243
691,ma2c,498240,-1,-973.9411111111112,1120.5980141964324
692,ma2c,498960,-1,-769.0313888888888,618.3047436007444
693,ma2c,499680,-1,-815.2308333333334,749.2196071723749
694,ma2c,500400,-1,-1137.981388888889,1070.1291750367045
695,ma2c,501120,-1,-768.4883333333333,592.5002926183057
696,ma2c,501840,-1,-585.4138888888889,414.0183632889151
697,ma2c,502560,-1,-739.4702777777777,790.8005524677233
698,ma2c,503280,-1,-522.5611111111111,303.33814728577323
699,ma2c,504000,-1,-564.2505555555556,351.9540804955515
700,ma2c,504720,-1,-548.2141666666668,368.6264068875982
701,ma2c,505440,-1,-843.0502777777778,713.4161254718429
702,ma2c,506160,-1,-729.206388888889,547.6004247961829
703,ma2c,506880,-1,-886.8883333333333,758.7860122718688
704,ma2c,507600,-1,-510.43944444444446,353.2387263274925
705,ma2c,508320,-1,-528.6119444444445,272.78137343056176
706,ma2c,509040,-1,-919.1583333333333,672.6034800497245
707,ma2c,509760,-1,-650.1533333333334,462.95089929230676
708,ma2c,510480,-1,-669.2847222222222,487.71021335526075
709,ma2c,511200,-1,-728.1869444444444,563.2008776198549
710,ma2c,511920,-1,-518.4591666666668,371.89804382290794
711,ma2c,512640,-1,-673.7525,539.8818084846339
712,ma2c,513360,-1,-479.2066666666667,252.71650862841022
713,ma2c,514080,-1,-543.5925000000001,382.6085491572221
714,ma2c,514800,-1,-589.4691666666668,354.1039964071682
715,ma2c,515520,-1,-1011.6105555555557,1020.8637730970345
716,ma2c,516240,-1,-676.103888888889,533.1578342358844
717,ma2c,516960,-1,-602.5805555555555,406.85649757858556
718,ma2c,517680,-1,-822.9130555555556,700.3107170285973
719,ma2c,518400,-1,-515.8633333333333,390.89323150104985
720,ma2c,519120,-1,-553.2855555555556,294.03578034771783
721,ma2c,519840,-1,-597.3519444444445,411.524811688321
722,ma2c,520560,-1,-483.40333333333336,276.62696279365906
723,ma2c,521280,-1,-573.1094444444445,384.4140951857374
724,ma2c,522000,-1,-587.8594444444444,390.3580658542476
725,ma2c,522720,-1,-500.2616666666667,284.5223314365871
726,ma2c,523440,-1,-640.1597222222222,533.529596273649
727,ma2c,524160,-1,-907.5333333333333,856.444636856347
728,ma2c,524880,-1,-875.635277777778,687.8079951959547
729,ma2c,525600,-1,-845.4283333333334,782.5814156988538
730,ma2c,526320,-1,-607.6886111111112,428.9648658019855
731,ma2c,527040,-1,-785.0944444444444,740.8556483869942
732,ma2c,527760,-1,-603.9552777777778,395.2513944735125
733,ma2c,528480,-1,-812.1636111111112,778.8959918858543
734,ma2c,529200,-1,-950.1472222222224,923.0023211678143
735,ma2c,529920,-1,-639.3197222222223,461.24242499041
736,ma2c,530640,-1,-1279.2666666666667,1346.875708197803
737,ma2c,531360,-1,-727.8816666666668,545.1194324768554
738,ma2c,532080,-1,-518.6088888888889,284.555204425138
739,ma2c,532800,-1,-879.9211111111114,776.6430318284291
740,ma2c,533520,-1,-737.0150000000001,583.37220794037
741,ma2c,534240,-1,-630.0766666666667,474.73592450025427
742,ma2c,534960,-1,-963.4449999999998,901.6464777021966
743,ma2c,535680,-1,-775.8433333333332,779.097033972306
744,ma2c,536400,-1,-1377.2597222222223,1391.1621166572015
745,ma2c,537120,-1,-719.6561111111112,583.1894833741517
746,ma2c,537840,-1,-470.1672222222223,244.85758294489736
747,ma2c,538560,-1,-744.3725000000001,656.3826553072487
748,ma2c,539280,-1,-926.6977777777778,715.1210550168377
749,ma2c,540000,-1,-1076.6647222222223,968.0023698202917
750,ma2c,540720,-1,-970.4477777777778,913.3080307599497
751,ma2c,541440,-1,-675.6466666666668,530.6274027978577
752,ma2c,542160,-1,-1021.7575,1011.4151510105778
753,ma2c,542880,-1,-1243.0288888888888,1262.1949413395737
754,ma2c,543600,-1,-1804.3719444444446,1676.978395554734
755,ma2c,544320,-1,-693.0013888888888,571.4190197786014
756,ma2c,545040,-1,-839.2694444444444,716.7152949081295
757,ma2c,545760,-1,-713.1672222222222,615.4926157450863
758,ma2c,546480,-1,-717.3516666666668,552.8234809668755
759,ma2c,547200,-1,-960.8741666666667,806.8160390623098
760,ma2c,547920,-1,-802.6675000000001,734.7263301161681
761,ma2c,548640,-1,-777.4705555555556,654.3096362831781
762,ma2c,549360,-1,-876.8608333333334,935.7672648209152
763,ma2c,550080,-1,-717.6986111111111,695.8588817651207
764,ma2c,550800,-1,-813.9986111111111,641.2324745261736
765,ma2c,551520,-1,-732.7705555555556,688.5771510228919
766,ma2c,552240,-1,-1102.2444444444445,1189.0495166412084
767,ma2c,552960,-1,-1265.3825000000002,1248.4227310109588
768,ma2c,553680,-1,-493.69305555555553,311.34956195497125
769,ma2c,554400,-1,-576.4197222222223,416.0659571108763
770,ma2c,555120,-1,-748.0997222222223,531.2365381300192
771,ma2c,555840,-1,-1225.0222222222221,1180.9086349340191
772,ma2c,556560,-1,-569.7480555555555,434.50714163878604
773,ma2c,557280,-1,-521.0369444444444,297.3183333690175
774,ma2c,558000,-1,-491.52555555555557,278.1490945362901
775,ma2c,558720,-1,-510.44666666666666,323.12232623437075
776,ma2c,559440,-1,-822.8050000000002,733.9648484449223
777,ma2c,560160,-1,-1387.6266666666666,1297.5551802695884
778,ma2c,560880,-1,-516.4122222222223,330.35479860557257
779,ma2c,561600,-1,-460.8491666666667,245.70457707122594
780,ma2c,562320,-1,-671.8041666666667,572.755780449394
781,ma2c,563040,-1,-470.75250000000005,264.8833481603532
782,ma2c,563760,-1,-542.2494444444444,320.8622477009275
783,ma2c,564480,-1,-509.7891666666666,306.6292641038378
784,ma2c,565200,-1,-681.4633333333333,607.9289362618337
785,ma2c,565920,-1,-1001.6419444444443,1051.038360789831
786,ma2c,566640,-1,-749.5111111111111,631.8091657990207
787,ma2c,567360,-1,-456.5627777777778,286.2216005379506
788,ma2c,568080,-1,-634.7075,524.167114943502
789,ma2c,568800,-1,-473.2477777777778,294.65171765541083
790,ma2c,569520,-1,-477.1566666666666,280.0333682696483
791,ma2c,570240,-1,-1003.7674999999999,961.9316439097224
792,ma2c,570960,-1,-679.2391666666666,543.1578196777465
793,ma2c,571680,-1,-711.6297222222221,819.9321128774629
794,ma2c,572400,-1,-848.2447222222222,808.1307752736355
795,ma2c,573120,-1,-732.5822222222222,568.9894769731447
796,ma2c,573840,-1,-648.9088888888889,642.1203107491176
797,ma2c,574560,-1,-798.1358333333334,691.7768649117165
798,ma2c,575280,-1,-511.91777777777776,311.6123965505073
799,ma2c,576000,-1,-617.1488888888888,476.27779551304457
800,ma2c,576720,-1,-475.02555555555557,261.1890109825157
801,ma2c,577440,-1,-896.2269444444445,729.5213926469548
802,ma2c,578160,-1,-542.8458333333333,368.61948787842186
803,ma2c,578880,-1,-794.2972222222222,634.5712883453552
804,ma2c,579600,-1,-623.1086111111111,424.5621047794276
805,ma2c,580320,-1,-1008.3197222222224,965.1927108959068
806,ma2c,581040,-1,-536.4572222222222,362.62108606498686
807,ma2c,581760,-1,-574.49,362.29801209317543
808,ma2c,582480,-1,-538.8822222222221,342.30544728284144
809,ma2c,583200,-1,-524.7486111111111,416.5710641965531
810,ma2c,583920,-1,-849.2163888888889,851.3727350633105
811,ma2c,584640,-1,-577.8766666666667,407.7668858960145
812,ma2c,585360,-1,-521.8166666666667,331.2689587865962
813,ma2c,586080,-1,-741.0361111111112,537.6447441556644
814,ma2c,586800,-1,-657.2458333333333,468.3837195426832
815,ma2c,587520,-1,-1233.9722222222224,1095.2027741755078
816,ma2c,588240,-1,-616.6505555555556,338.83034036999544
817,ma2c,588960,-1,-687.1808333333335,438.87065535603875
818,ma2c,589680,-1,-753.5872222222223,577.5030511252305
819,ma2c,590400,-1,-779.0158333333331,728.987368221894
820,ma2c,591120,-1,-568.0322222222221,327.14156053365497
821,ma2c,591840,-1,-1255.288611111111,1149.4684887582048
822,ma2c,592560,-1,-1119.611111111111,1077.4651406523499
823,ma2c,593280,-1,-743.2911111111113,540.2398694910015
824,ma2c,594000,-1,-802.6513888888888,679.6591536884613
825,ma2c,594720,-1,-1044.2194444444447,923.0186198673966
826,ma2c,595440,-1,-662.0316666666666,393.54562702789343
827,ma2c,596160,-1,-894.1072222222222,723.9140181855973
828,ma2c,596880,-1,-636.3022222222222,458.4370998846159
829,ma2c,597600,-1,-745.7927777777778,501.2011806683969
830,ma2c,598320,-1,-1076.0208333333333,1036.7557437932016
831,ma2c,599040,-1,-693.1558333333332,635.9547170238312
832,ma2c,599760,-1,-885.0297222222224,805.7155584771496
833,ma2c,600480,-1,-1045.3013888888888,1093.6566637753795
834,ma2c,601200,-1,-1340.0975000000003,1399.3600877998072
835,ma2c,601920,-1,-654.8636111111111,457.720366245428
836,ma2c,602640,-1,-631.3413888888889,438.1015637678651
837,ma2c,603360,-1,-722.2488888888889,537.2166397779587
838,ma2c,604080,-1,-494.0813888888889,284.117680994384
839,ma2c,604800,-1,-827.3552777777778,652.2196540787387
840,ma2c,605520,-1,-914.2230555555557,832.3640800432339
841,ma2c,606240,-1,-673.9786111111111,489.8418848502306
842,ma2c,606960,-1,-833.1097222222222,891.050902658036
843,ma2c,607680,-1,-795.8502777777778,812.931469009214
844,ma2c,608400,-1,-908.4011111111112,870.4979679591376
845,ma2c,609120,-1,-645.1547222222222,472.80514180430555
846,ma2c,609840,-1,-1196.6419444444446,1130.9879358658063
847,ma2c,610560,-1,-561.5002777777779,473.435359191998
848,ma2c,611280,-1,-1049.269722222222,1107.1150399800026
849,ma2c,612000,-1,-847.6197222222222,815.0780062191258
850,ma2c,612720,-1,-1067.9097222222222,1006.2959283734751
851,ma2c,613440,-1,-518.4186111111111,318.2233864900286
852,ma2c,614160,-1,-457.5286111111111,236.48970699533132
853,ma2c,614880,-1,-748.8686111111111,584.3808404468822
854,ma2c,615600,-1,-730.6675,511.26994266931376
855,ma2c,616320,-1,-805.32,779.8914836479922
856,ma2c,617040,-1,-958.4569444444444,901.908731482292
857,ma2c,617760,-1,-637.5191666666667,402.60116502201447
858,ma2c,618480,-1,-576.1538888888889,359.4076952839505
859,ma2c,619200,-1,-1176.8502777777778,1163.3219788724448
860,ma2c,619920,-1,-541.2861111111112,403.80216446834584
861,ma2c,620640,-1,-603.1080555555554,404.902974580327
862,ma2c,621360,-1,-527.6141666666667,308.113910157654
863,ma2c,622080,-1,-455.4916666666667,236.28376193208408
864,ma2c,622800,-1,-655.8680555555555,584.3242267607535
865,ma2c,623520,-1,-431.5277777777779,208.865561507757
866,ma2c,624240,-1,-443.27277777777783,255.4775361576294
867,ma2c,624960,-1,-972.9636111111112,834.2113240515552
868,ma2c,625680,-1,-663.8241666666667,643.8426153652899
869,ma2c,626400,-1,-745.1091666666666,622.9949561275891
870,ma2c,627120,-1,-900.9608333333334,841.6120595284683
871,ma2c,627840,-1,-583.5336111111112,387.0721388166178
872,ma2c,628560,-1,-711.5180555555555,543.822158028602
873,ma2c,629280,-1,-448.11,213.16681628871476
874,ma2c,630000,-1,-525.7519444444445,283.394998527962
875,ma2c,630720,-1,-622.7544444444445,483.9429020868546
876,ma2c,631440,-1,-890.9511111111112,919.7547193252057
877,ma2c,632160,-1,-675.8111111111111,601.7405061697543
878,ma2c,632880,-1,-685.7838888888889,475.10206840961956
879,ma2c,633600,-1,-525.6716666666666,318.0997729181138
880,ma2c,634320,-1,-880.9516666666667,985.1426179873654
881,ma2c,635040,-1,-868.8858333333334,746.5136097735148
882,ma2c,635760,-1,-642.8230555555556,483.3140113052765
883,ma2c,636480,-1,-872.7566666666665,841.3704949597941
884,ma2c,637200,-1,-881.3047222222224,811.0892478498903
885,ma2c,637920,-1,-664.1100000000001,602.7272019837093
886,ma2c,638640,-1,-489.4580555555555,301.05830870557884
887,ma2c,639360,-1,-455.89111111111106,237.9200132371496
888,ma2c,640080,-1,-869.6877777777777,941.1150785492916
889,ma2c,640800,-1,-845.9622222222223,749.3942657725902
890,ma2c,641520,-1,-661.855,445.42551513194167
891,ma2c,642240,-1,-487.46666666666664,276.66829658154427
892,ma2c,642960,-1,-629.843888888889,468.8861347993762
893,ma2c,643680,-1,-746.8333333333335,601.4638583397085
894,ma2c,644400,-1,-618.9486111111111,388.2883534368983
895,ma2c,645120,-1,-865.021111111111,768.1976159230621
896,ma2c,645840,-1,-793.3316666666667,682.3013330694389
897,ma2c,646560,-1,-720.445277777778,616.1620044048035
898,ma2c,647280,-1,-606.8144444444445,492.9113948010244
899,ma2c,648000,-1,-575.6686111111111,460.7852099204187
900,ma2c,648720,-1,-935.1819444444444,726.7526937278345
901,ma2c,649440,-1,-572.9133333333334,357.6859108522758
902,ma2c,650160,-1,-659.1602777777778,583.7848314899084
903,ma2c,650880,-1,-822.0005555555556,863.9410700065924
904,ma2c,651600,-1,-441.1725,208.85993943144183
905,ma2c,652320,-1,-599.4894444444445,438.73056626757744
906,ma2c,653040,-1,-808.7741666666667,668.783944724698
907,ma2c,653760,-1,-1021.7169444444444,1104.4135935426432
908,ma2c,654480,-1,-996.0830555555556,855.5536502702
909,ma2c,655200,-1,-747.4722222222222,708.4003951827397
910,ma2c,655920,-1,-885.8375,737.1430003619644
911,ma2c,656640,-1,-490.4605555555557,277.4931786943845
912,ma2c,657360,-1,-438.9219444444444,216.63219640312323
913,ma2c,658080,-1,-1259.8427777777777,1283.9378660343064
914,ma2c,658800,-1,-652.8405555555556,463.88275101428405
915,ma2c,659520,-1,-402.0488888888889,199.24806411687163
916,ma2c,660240,-1,-544.3422222222223,339.80345184231226
917,ma2c,660960,-1,-812.7833333333333,761.4841465848124
918,ma2c,661680,-1,-700.8636111111111,628.7109073407127
919,ma2c,662400,-1,-463.0097222222222,265.76245651778447
920,ma2c,663120,-1,-617.4144444444444,512.7036508248559
921,ma2c,663840,-1,-522.8005555555555,364.68403553962867
922,ma2c,664560,-1,-441.41749999999996,244.8683931656509
923,ma2c,665280,-1,-546.6966666666666,413.64599530677594
924,ma2c,666000,-1,-456.25750000000005,272.86841186504165
925,ma2c,666720,-1,-418.9883333333333,229.20417360341025
926,ma2c,667440,-1,-751.1927777777778,615.5348825326687
927,ma2c,668160,-1,-588.2244444444444,420.6562753104067
928,ma2c,668880,-1,-894.5980555555556,789.8696534848134
929,ma2c,669600,-1,-807.4708333333333,609.8722601536007
930,ma2c,670320,-1,-499.49444444444447,367.6212621891996
931,ma2c,671040,-1,-420.90111111111116,199.99382767944752
932,ma2c,671760,-1,-546.8386111111112,374.87026260689163
933,ma2c,672480,-1,-512.8844444444444,334.25652288528045
934,ma2c,673200,-1,-561.5236111111111,386.589884615415
935,ma2c,673920,-1,-574.7805555555557,532.593723061149
936,ma2c,674640,-1,-494.7266666666666,356.19719625822745
937,ma2c,675360,-1,-602.6805555555557,469.6589729198579
938,ma2c,676080,-1,-657.3419444444445,593.2697318126958
939,ma2c,676800,-1,-422.1980555555555,193.04036925701786
940,ma2c,677520,-1,-407.10583333333335,197.4979855575888
941,ma2c,678240,-1,-567.1538888888889,454.8823563252236
942,ma2c,678960,-1,-559.6977777777778,352.20310979691436
943,ma2c,679680,-1,-737.5152777777778,755.7596908555955
944,ma2c,680400,-1,-586.0925000000001,379.6707135420479
945,ma2c,681120,-1,-639.3772222222221,518.5422632867125
946,ma2c,681840,-1,-442.89222222222224,264.24617698392024
947,ma2c,682560,-1,-784.0608333333334,657.3859530319689
948,ma2c,683280,-1,-488.1552777777778,279.0774638577185
949,ma2c,684000,-1,-624.4850000000001,540.3382807685283
950,ma2c,684720,-1,-489.3480555555556,238.84537913702255
951,ma2c,685440,-1,-1290.6508333333334,1329.6415146047514
952,ma2c,686160,-1,-645.2077777777778,468.50257232254285
953,ma2c,686880,-1,-804.8511111111112,776.1904082324768
954,ma2c,687600,-1,-721.5158333333334,589.241313398825
955,ma2c,688320,-1,-501.9086111111111,340.069144167385
956,ma2c,689040,-1,-656.056111111111,592.9651313211042
957,ma2c,689760,-1,-568.1972222222222,319.8199691372485
958,ma2c,690480,-1,-1158.3194444444443,1160.6594615225922
959,ma2c,691200,-1,-526.8194444444443,312.7930882650031
960,ma2c,691920,-1,-474.17111111111114,363.382623489788
961,ma2c,692640,-1,-599.6080555555557,447.32809980991857
962,ma2c,693360,-1,-656.9011111111112,402.2981724471552
963,ma2c,694080,-1,-735.8077777777779,569.379883582477
964,ma2c,694800,-1,-512.1841666666667,341.41646468853355
965,ma2c,695520,-1,-740.6025000000001,514.5627137508498
966,ma2c,696240,-1,-702.9986111111112,573.944248307044
967,ma2c,696960,-1,-580.7972222222222,403.119102600178
968,ma2c,697680,-1,-618.0208333333334,580.6052913979562
969,ma2c,698400,-1,-633.4627777777778,474.586660805491
970,ma2c,699120,-1,-598.2347222222222,409.9459466603569
971,ma2c,699840,-1,-710.2202777777777,576.5771566176171
972,ma2c,700560,-1,-583.4061111111112,392.52352253136644
973,ma2c,701280,-1,-1069.2766666666666,1083.5395060274554
974,ma2c,702000,-1,-554.1111111111111,393.0440701737726
975,ma2c,702720,-1,-448.55250000000007,237.90801845198493
976,ma2c,703440,-1,-937.3983333333334,960.8257423796701
977,ma2c,704160,-1,-501.62333333333333,320.4753597912534
978,ma2c,704880,-1,-472.3761111111112,284.7179432475213
979,ma2c,705600,-1,-662.3244444444445,584.9369218245505
980,ma2c,706320,-1,-647.87,677.9742771996918
981,ma2c,707040,-1,-727.7022222222223,677.9710750102968
982,ma2c,707760,-1,-791.2580555555556,765.504016258132
983,ma2c,708480,-1,-428.46888888888884,224.30287789526636
984,ma2c,709200,-1,-327.02777777777777,137.06896482166906
985,ma2c,709920,-1,-425.34444444444443,251.0918075176272
986,ma2c,710640,-1,-813.9861111111111,702.5869495628194
987,ma2c,711360,-1,-399.54805555555555,181.88247433010517
988,ma2c,712080,-1,-992.6230555555557,927.1332754917153
989,ma2c,712800,-1,-517.6552777777779,368.1569739178756
990,ma2c,713520,-1,-578.8811111111111,532.0291045494168
991,ma2c,714240,-1,-669.2480555555555,659.9999229558855
992,ma2c,714960,-1,-552.1766666666667,440.14967468149086
993,ma2c,715680,-1,-748.9294444444446,667.5921157577534
994,ma2c,716400,-1,-772.7052777777778,716.4530669089611
995,ma2c,717120,-1,-524.0811111111111,340.783598292864
996,ma2c,717840,-1,-507.3255555555555,353.81700278254675
997,ma2c,718560,-1,-384.71000000000004,179.82776855770757
998,ma2c,719280,-1,-597.225,453.8523439983293
999,ma2c,720000,-1,-377.8272222222222,175.8311504858364
1000,ma2c,720720,-1,-500.3411111111111,336.90666211362344
1001,ma2c,721440,-1,-491.64777777777783,285.2091734257032
1002,ma2c,722160,-1,-477.26472222222225,355.59821471856964
1003,ma2c,722880,-1,-652.0108333333334,623.5278536453105
1004,ma2c,723600,-1,-441.75361111111107,290.42464907875063
1005,ma2c,724320,-1,-407.0688888888889,198.8630657537685
1006,ma2c,725040,-1,-454.00944444444445,291.3251681154053
1007,ma2c,725760,-1,-416.67833333333334,217.68105357635312
1008,ma2c,726480,-1,-465.3080555555556,284.60408024247226
1009,ma2c,727200,-1,-864.2175,724.6695981804972
1010,ma2c,727920,-1,-571.1927777777778,385.50912102346416
1011,ma2c,728640,-1,-698.961388888889,493.0274738888109
1012,ma2c,729360,-1,-679.4730555555556,537.6667660121806
1013,ma2c,730080,-1,-428.0119444444444,299.0355746610858
1014,ma2c,730800,-1,-387.0861111111111,182.3643368716985
1015,ma2c,731520,-1,-474.35999999999996,297.5008016048958
1016,ma2c,732240,-1,-619.9869444444445,577.3303271636488
1017,ma2c,732960,-1,-388.87111111111113,189.57377147722406
1018,ma2c,733680,-1,-502.53083333333336,306.9384600722558
1019,ma2c,734400,-1,-463.16749999999996,228.6760821661529
1020,ma2c,735120,-1,-433.5422222222223,218.93304505552365
1021,ma2c,735840,-1,-513.7947222222222,364.78742123922984
1022,ma2c,736560,-1,-396.23083333333335,213.07637987448695
1023,ma2c,737280,-1,-354.0127777777777,149.3639613422177
1024,ma2c,738000,-1,-403.0511111111112,268.22795228621186
1025,ma2c,738720,-1,-528.4822222222223,356.3846846621336
1026,ma2c,739440,-1,-425.8986111111111,248.32062830646075
1027,ma2c,740160,-1,-397.52861111111116,211.2440956788665
1028,ma2c,740880,-1,-502.70666666666665,347.0239685285922
1029,ma2c,741600,-1,-474.1580555555556,350.8026025600235
1030,ma2c,742320,-1,-465.8016666666668,272.2302944557135
1031,ma2c,743040,-1,-505.1530555555556,404.07110714520593
1032,ma2c,743760,-1,-399.9797222222223,227.96069661220736
1033,ma2c,744480,-1,-422.4099999999999,217.89164154587382
1034,ma2c,745200,-1,-380.07944444444445,187.43314784424464
1035,ma2c,745920,-1,-391.55555555555554,195.64818828766832
1036,ma2c,746640,-1,-425.6777777777778,242.34346483991948
1037,ma2c,747360,-1,-557.0575,553.3971934779806
1038,ma2c,748080,-1,-375.96750000000003,176.28913875718493
1039,ma2c,748800,-1,-541.968611111111,504.8299349101679
1040,ma2c,749520,-1,-429.2344444444444,301.2088036049674
1041,ma2c,750240,-1,-395.48555555555555,195.0441070123548
1042,ma2c,750960,-1,-362.72,153.86246109214986
1043,ma2c,751680,-1,-389.4627777777778,194.38070049677586
1044,ma2c,752400,-1,-463.34555555555556,266.28102538530027
1045,ma2c,753120,-1,-379.4313888888889,183.77168916065358
1046,ma2c,753840,-1,-582.0286111111111,497.18989007472334
1047,ma2c,754560,-1,-357.00416666666666,154.1914529061373
1048,ma2c,755280,-1,-436.2347222222222,247.42497238765927
1049,ma2c,756000,-1,-370.92083333333335,173.59388241069055
1050,ma2c,756720,-1,-409.22833333333335,272.9174496222866
1051,ma2c,757440,-1,-442.4380555555556,241.613767650855
1052,ma2c,758160,-1,-570.1586111111111,373.21180404141666
1053,ma2c,758880,-1,-426.0869444444444,236.12286549025754
1054,ma2c,759600,-1,-388.51444444444445,207.51102571034156
1055,ma2c,760320,-1,-367.8488888888889,169.57922320617544
1056,ma2c,761040,-1,-406.75805555555553,240.26790178788443
1057,ma2c,761760,-1,-324.5488888888889,131.76029350001417
1058,ma2c,762480,-1,-404.7602777777778,236.88626978158516
1059,ma2c,763200,-1,-541.1266666666666,412.60820730244006
1060,ma2c,763920,-1,-378.2477777777778,172.25835133941357
1061,ma2c,764640,-1,-356.23277777777776,171.29214139415464
1062,ma2c,765360,-1,-435.0330555555556,242.67655993248212
1063,ma2c,766080,-1,-351.1144444444445,150.87957306784708
1064,ma2c,766800,-1,-372.88250000000005,179.0973286740884
1065,ma2c,767520,-1,-528.4119444444444,389.99227972643143
1066,ma2c,768240,-1,-428.46972222222223,218.95866955237253
1067,ma2c,768960,-1,-336.8388888888889,147.09502763289106
1068,ma2c,769680,-1,-366.24222222222215,169.3137668995891
1069,ma2c,770400,-1,-591.6080555555557,556.5532969303092
1070,ma2c,771120,-1,-495.7083333333333,385.4472770366915
1071,ma2c,771840,-1,-398.5119444444444,206.29735112102742
1072,ma2c,772560,-1,-537.8602777777777,427.7575892955295
1073,ma2c,773280,-1,-445.8227777777778,228.12273239799754
1074,ma2c,774000,-1,-502.01916666666665,349.04740241497126
1075,ma2c,774720,-1,-447.99749999999995,312.02696134286396
1076,ma2c,775440,-1,-343.7827777777778,150.51481223917818
1077,ma2c,776160,-1,-361.81444444444446,180.2498873854548
1078,ma2c,776880,-1,-429.60444444444437,338.4856970262673
1079,ma2c,777600,-1,-399.1402777777778,200.37960902006458
1080,ma2c,778320,-1,-362.93972222222226,146.56350872168602
1081,ma2c,779040,-1,-466.2600000000001,267.0251516659474
1082,ma2c,779760,-1,-371.8483333333333,177.02953582037597
1083,ma2c,780480,-1,-391.6925,192.01853946769194
1084,ma2c,781200,-1,-373.566388888889,154.03133856193713
1085,ma2c,781920,-1,-577.5902777777778,421.4476699622262
1086,ma2c,782640,-1,-460.15555555555557,352.66584990803693
1087,ma2c,783360,-1,-334.8236111111111,149.9620494520156
1088,ma2c,784080,-1,-342.03305555555556,158.05456711246285
1089,ma2c,784800,-1,-340.27916666666664,144.15698853593605
1090,ma2c,785520,-1,-394.3569444444444,200.2469469363522
1091,ma2c,786240,-1,-373.16361111111115,192.75231705845803
1092,ma2c,786960,-1,-337.7025,139.89679129977293
1093,ma2c,787680,-1,-427.1277777777778,267.05310396905367
1094,ma2c,788400,-1,-381.6519444444445,172.69114923468695
1095,ma2c,789120,-1,-371.6405555555556,187.72211915997963
1096,ma2c,789840,-1,-329.4725,133.9681849436027
1097,ma2c,790560,-1,-776.2813888888888,670.2758143632316
1098,ma2c,791280,-1,-337.50555555555553,135.22509823016594
1099,ma2c,792000,-1,-505.60805555555555,301.3810192570882
1100,ma2c,792720,-1,-414.8616666666667,258.8618449149619
1101,ma2c,793440,-1,-535.1666666666666,453.0427457144022
1102,ma2c,794160,-1,-401.8225,233.78471267950542
1103,ma2c,794880,-1,-314.6063888888889,121.31814746206169
1104,ma2c,795600,-1,-409.3597222222222,211.90121097113615
1105,ma2c,796320,-1,-359.1822222222222,174.56762623234317
1106,ma2c,797040,-1,-414.95,228.70953521880105
1107,ma2c,797760,-1,-399.6511111111111,214.8145392578054
1108,ma2c,798480,-1,-419.93083333333334,189.31066749415717
1109,ma2c,799200,-1,-330.3047222222222,138.7637211631122
1110,ma2c,799920,-1,-385.9252777777778,219.07673978902807
1111,ma2c,800640,-1,-379.9552777777778,194.12881161724255
1112,ma2c,801360,-1,-483.9036111111111,371.0113033442271
1113,ma2c,802080,-1,-597.2524999999999,524.1978268102978
1114,ma2c,802800,-1,-479.3794444444444,364.06431394546246
1115,ma2c,803520,-1,-357.1502777777778,168.57702599810952
1116,ma2c,804240,-1,-397.04249999999996,193.57332209548747
1117,ma2c,804960,-1,-502.19166666666666,332.2957848020679
1118,ma2c,805680,-1,-509.628888888889,517.500303004623
1119,ma2c,806400,-1,-654.8399999999999,595.6256380759087
1120,ma2c,807120,-1,-404.85861111111114,221.3198503881854
1121,ma2c,807840,-1,-508.89222222222224,369.00891670279844
1122,ma2c,808560,-1,-411.1975,196.88683197426158
1123,ma2c,809280,-1,-316.01944444444445,127.96605652247624
1124,ma2c,810000,-1,-418.75527777777785,233.2559551459168
1125,ma2c,810720,-1,-364.8644444444445,179.0420886651523
1126,ma2c,811440,-1,-471.62083333333334,417.1979970381436
1127,ma2c,812160,-1,-462.05749999999995,292.88327305975406
1128,ma2c,812880,-1,-463.8230555555555,270.7142710017278
1129,ma2c,813600,-1,-565.24,481.262510786877
1130,ma2c,814320,-1,-679.2494444444445,627.8945513908828
1131,ma2c,815040,-1,-374.275,158.9752364975264
1132,ma2c,815760,-1,-553.2166666666667,403.3042362093962
1133,ma2c,816480,-1,-808.2327777777778,833.5679173375775
1134,ma2c,817200,-1,-458.87944444444446,305.6589863079482
1135,ma2c,817920,-1,-360.2075,160.90833104381375
1136,ma2c,818640,-1,-395.18722222222226,223.98689955008916
1137,ma2c,819360,-1,-621.3666666666667,545.025498588012
1138,ma2c,820080,-1,-452.6013888888889,295.4287359984241
1139,ma2c,820800,-1,-485.15777777777777,296.44077991238277
1140,ma2c,821520,-1,-388.1775,189.16592773534092
1141,ma2c,822240,-1,-468.3508333333333,312.9506464007366
1142,ma2c,822960,-1,-599.0652777777777,417.42264009159106
1143,ma2c,823680,-1,-485.6791666666667,407.23633952858245
1144,ma2c,824400,-1,-392.5125,247.58653091029495
1145,ma2c,825120,-1,-570.4044444444445,427.46050978387626
1146,ma2c,825840,-1,-391.7233333333333,193.30282262122645
1147,ma2c,826560,-1,-573.4141666666667,448.7962869590105
1148,ma2c,827280,-1,-696.5280555555556,583.8254276670926
1149,ma2c,828000,-1,-458.59388888888884,400.4314847294782
1150,ma2c,828720,-1,-940.071111111111,1028.4140509914007
1151,ma2c,829440,-1,-588.2608333333334,464.87039856929186
1152,ma2c,830160,-1,-466.35277777777776,395.27725542832667
1153,ma2c,830880,-1,-484.52027777777784,322.1409267695162
1154,ma2c,831600,-1,-1033.0677777777778,1110.3888063624659
1155,ma2c,832320,-1,-545.9727777777778,354.0080541033802
1156,ma2c,833040,-1,-503.5105555555555,412.5920613763702
1157,ma2c,833760,-1,-687.7094444444446,702.6355103147341
1158,ma2c,834480,-1,-725.4244444444446,539.5184188620052
1159,ma2c,835200,-1,-460.45500000000004,279.6539118615086
1160,ma2c,835920,-1,-906.1675,879.1044657297405
1161,ma2c,836640,-1,-394.5202777777777,176.1135310276696
1162,ma2c,837360,-1,-703.7802777777779,505.6026149281124
1163,ma2c,838080,-1,-762.7141666666666,728.1641835765819
1164,ma2c,838800,-1,-1227.5436111111112,1153.737132726257
1165,ma2c,839520,-1,-700.5174999999999,535.8432683624061
1166,ma2c,840240,-1,-616.8988888888889,546.8884505382233
1167,ma2c,840960,-1,-578.1672222222222,443.6984430557107
1168,ma2c,841680,-1,-448.0886111111111,252.8251378220482
1169,ma2c,842400,-1,-541.9675000000001,354.28317926542417
1170,ma2c,843120,-1,-448.0508333333334,299.88345036840747
1171,ma2c,843840,-1,-736.8969444444446,903.3099466785703
1172,ma2c,844560,-1,-375.99305555555554,182.31458955027654
1173,ma2c,845280,-1,-593.8155555555555,508.4323613730327
1174,ma2c,846000,-1,-469.5258333333333,292.4531470535542
1175,ma2c,846720,-1,-681.0461111111111,539.9547708284761
1176,ma2c,847440,-1,-470.92944444444447,288.95326961623675
1177,ma2c,848160,-1,-447.34527777777777,320.41236166146643
1178,ma2c,848880,-1,-590.5458333333333,460.2195085069913
1179,ma2c,849600,-1,-609.1458333333334,443.09429785113963
1180,ma2c,850320,-1,-417.38055555555553,257.8700483657143
1181,ma2c,851040,-1,-436.2227777777778,208.2699173696788
1182,ma2c,851760,-1,-468.99083333333334,283.2539537320902
1183,ma2c,852480,-1,-449.4497222222222,224.86632430285863
1184,ma2c,853200,-1,-696.6125,561.5106447090097
1185,ma2c,853920,-1,-442.08111111111117,229.35791360251508
1186,ma2c,854640,-1,-571.9061111111112,482.68666886085396
1187,ma2c,855360,-1,-485.5888888888889,291.6221899210021
1188,ma2c,856080,-1,-570.7741666666667,396.6962192764061
1189,ma2c,856800,-1,-756.0158333333334,635.7258634596581
1190,ma2c,857520,-1,-456.8647222222222,264.5967262330662
1191,ma2c,858240,-1,-422.26972222222224,233.68493859832006
1192,ma2c,858960,-1,-376.74472222222226,176.8019035843052
1193,ma2c,859680,-1,-618.2055555555555,521.1879974018996
1194,ma2c,860400,-1,-454.0416666666667,255.63218028492074
1195,ma2c,861120,-1,-1168.8675,1220.0409185985775
1196,ma2c,861840,-1,-750.6675,739.2761292487966
1197,ma2c,862560,-1,-602.5405555555557,363.41271062544826
1198,ma2c,863280,-1,-414.06777777777785,198.93005042408348
1199,ma2c,864000,-1,-682.2158333333334,487.77462649189283
1200,ma2c,864720,-1,-652.2180555555556,531.964440600014
1201,ma2c,865440,-1,-405.60749999999996,191.7781452598433
1202,ma2c,866160,-1,-601.3505555555556,424.3589376927171
1203,ma2c,866880,-1,-571.8083333333333,371.49333392778095
1204,ma2c,867600,-1,-685.193888888889,550.687151219465
1205,ma2c,868320,-1,-547.7666666666667,403.4148534697254
1206,ma2c,869040,-1,-444.8591666666666,243.1730108822272
1207,ma2c,869760,-1,-799.3119444444444,870.0965819133702
1208,ma2c,870480,-1,-404.34055555555557,194.72529887488577
1209,ma2c,871200,-1,-422.6941666666667,231.9420532742679
1210,ma2c,871920,-1,-424.64722222222224,223.05882954218242
1211,ma2c,872640,-1,-981.2280555555558,1009.9916392071974
1212,ma2c,873360,-1,-807.0930555555556,678.7142350361186
1213,ma2c,874080,-1,-533.6697222222223,361.982229420989
1214,ma2c,874800,-1,-708.6436111111111,558.2883282739841
1215,ma2c,875520,-1,-473.3755555555556,271.0177410392624
1216,ma2c,876240,-1,-734.0319444444444,748.2912240799754
1217,ma2c,876960,-1,-447.1044444444445,261.1881113982841
1218,ma2c,877680,-1,-536.7986111111111,384.2778484786813
1219,ma2c,878400,-1,-527.5994444444444,381.9617354304286
1220,ma2c,879120,-1,-556.1305555555556,378.90855355249886
1221,ma2c,879840,-1,-635.855,493.45049743560344
1222,ma2c,880560,-1,-390.65111111111116,182.49404114743305
1223,ma2c,881280,-1,-505.94611111111124,313.51566890913637
1224,ma2c,882000,-1,-563.03,328.4062460327655
1225,ma2c,882720,-1,-816.0091666666668,1008.6795960695763
1226,ma2c,883440,-1,-405.1286111111112,183.5473507277675
1227,ma2c,884160,-1,-946.6927777777778,844.0345906899628
1228,ma2c,884880,-1,-809.8261111111112,839.1407156440112
1229,ma2c,885600,-1,-862.4180555555556,791.6766415207364
1230,ma2c,886320,-1,-512.0011111111112,312.9792364410295
1231,ma2c,887040,-1,-548.4847222222221,329.8621371791059
1232,ma2c,887760,-1,-408.06777777777774,190.32579455459924
1233,ma2c,888480,-1,-768.7294444444445,703.8845595216767
1234,ma2c,889200,-1,-715.0283333333332,739.3815657377305
1235,ma2c,889920,-1,-970.2836111111112,1060.7137248403726
1236,ma2c,890640,-1,-464.91333333333336,227.08503776730376
1237,ma2c,891360,-1,-843.0166666666667,688.872719617589
1238,ma2c,892080,-1,-515.3141666666666,360.7296708977129
1239,ma2c,892800,-1,-504.7255555555556,324.63568557217116
1240,ma2c,893520,-1,-503.6744444444444,356.1074614841584
1241,ma2c,894240,-1,-656.9102777777778,474.0099221944745
1242,ma2c,894960,-1,-481.7452777777778,229.78807786240918
1243,ma2c,895680,-1,-432.94222222222226,214.76361344913246
1244,ma2c,896400,-1,-457.53055555555557,294.2953657273255
1245,ma2c,897120,-1,-429.01916666666665,190.33219211384372
1246,ma2c,897840,-1,-502.1847222222222,333.45831696852065
1247,ma2c,898560,-1,-425.6758333333333,221.6071714001427
1248,ma2c,899280,-1,-807.2322222222222,716.4024722067552
1249,ma2c,900000,-1,-421.5002777777778,201.8510622544657
1250,ma2c,900720,-1,-403.11861111111114,207.29849516595868
1251,ma2c,901440,-1,-707.5944444444445,685.6414983002109
1252,ma2c,902160,-1,-478.78111111111116,283.9686009224903
1253,ma2c,902880,-1,-550.8344444444443,510.474199731346
1254,ma2c,903600,-1,-477.1994444444444,281.70215555464927
1255,ma2c,904320,-1,-756.6233333333332,730.039390801772
1256,ma2c,905040,-1,-391.7497222222222,176.72712479642655
1257,ma2c,905760,-1,-604.5275,598.7245735908355
1258,ma2c,906480,-1,-601.8216666666666,363.9467256153174
1259,ma2c,907200,-1,-562.4222222222223,453.0989697572284
1260,ma2c,907920,-1,-480.64111111111106,249.72925356804782
1261,ma2c,908640,-1,-367.38027777777774,160.84847597084985
1262,ma2c,909360,-1,-535.6200000000001,365.1046692236199
1263,ma2c,910080,-1,-649.5091666666666,502.4617642991742
1264,ma2c,910800,-1,-855.383611111111,905.3626688965061
1265,ma2c,911520,-1,-414.1036111111111,212.5690002701447
1266,ma2c,912240,-1,-702.4969444444445,562.3105880517528
1267,ma2c,912960,-1,-741.0730555555557,689.4005512412756
1268,ma2c,913680,-1,-545.5136111111112,326.85016977417087
1269,ma2c,914400,-1,-447.8636111111112,262.2909012872368
1270,ma2c,915120,-1,-578.4686111111112,466.1851686392244
1271,ma2c,915840,-1,-769.4177777777778,773.3686958980574
1272,ma2c,916560,-1,-604.4258333333333,562.4067029288552
1273,ma2c,917280,-1,-505.86777777777786,317.3020411139231
1274,ma2c,918000,-1,-527.4055555555556,345.63383140772004
1275,ma2c,918720,-1,-579.1036111111111,398.27600129706804
1276,ma2c,919440,-1,-423.6852777777778,207.67795636762693
1277,ma2c,920160,-1,-528.7319444444445,384.8106574546287
1278,ma2c,920880,-1,-629.0655555555555,498.20054834286947
1279,ma2c,921600,-1,-405.8400000000001,201.65773578020756
1280,ma2c,922320,-1,-600.8325,425.80567163825515
1281,ma2c,923040,-1,-504.83111111111106,309.0363618103663
1282,ma2c,923760,-1,-778.7172222222223,819.9888780635013
1283,ma2c,924480,-1,-643.6880555555556,450.3551788084073
1284,ma2c,925200,-1,-542.1447222222222,318.44034641066617
1285,ma2c,925920,-1,-430.1,203.38811447847957
1286,ma2c,926640,-1,-477.3858333333333,274.7110940391641
1287,ma2c,927360,-1,-563.2930555555555,338.6591379684778
1288,ma2c,928080,-1,-693.8686111111111,581.8889634565305
1289,ma2c,928800,-1,-600.8227777777778,433.2960492076412
1290,ma2c,929520,-1,-436.0030555555556,221.87144536519645
1291,ma2c,930240,-1,-577.7694444444444,374.49738385041155
1292,ma2c,930960,-1,-554.3825,340.15737138104345
1293,ma2c,931680,-1,-442.72222222222223,216.82539559018338
1294,ma2c,932400,-1,-780.7383333333333,760.6623319899136
1295,ma2c,933120,-1,-399.7008333333333,179.52078585740736
1296,ma2c,933840,-1,-395.6641666666667,177.03754480767006
1297,ma2c,934560,-1,-555.0961111111112,363.49414940483325
1298,ma2c,935280,-1,-459.235,236.9359580550079
1299,ma2c,936000,-1,-566.8969444444444,353.21501177925484
1300,ma2c,936720,-1,-689.5136111111112,557.6143901909912
1301,ma2c,937440,-1,-661.43,436.26112566519913
1302,ma2c,938160,-1,-631.358611111111,473.78527146126714
1303,ma2c,938880,-1,-872.865,859.9178440070114
1304,ma2c,939600,-1,-533.853888888889,347.8140884092933
1305,ma2c,940320,-1,-721.5480555555555,620.1033345084039
1306,ma2c,941040,-1,-1021.3041666666667,886.9026679557816
1307,ma2c,941760,-1,-730.8927777777777,611.7239511350557
1308,ma2c,942480,-1,-901.9719444444444,820.1884252628222
1309,ma2c,943200,-1,-530.0369444444444,300.9843796640861
1310,ma2c,943920,-1,-587.8861111111111,420.6392982729303
1311,ma2c,944640,-1,-566.7166666666667,373.10289860096833
1312,ma2c,945360,-1,-802.6263888888889,633.2497474871312
1313,ma2c,946080,-1,-560.7244444444444,374.2049578955098
1314,ma2c,946800,-1,-582.4013888888888,361.51510502984195
1315,ma2c,947520,-1,-457.64777777777783,305.9956698051562
1316,ma2c,948240,-1,-631.5247222222222,446.2310160916037
1317,ma2c,948960,-1,-504.46999999999997,285.4523676747333
1318,ma2c,949680,-1,-431.7588888888889,207.0638553653569
1319,ma2c,950400,-1,-1142.1305555555555,1192.4208119804584
1320,ma2c,951120,-1,-728.4830555555557,536.8493165804404
1321,ma2c,951840,-1,-697.1,656.1434114920644
1322,ma2c,952560,-1,-881.1358333333334,854.1201087437391
1323,ma2c,953280,-1,-681.5158333333334,508.8411705634841
1324,ma2c,954000,-1,-930.7544444444445,801.0440515922693
1325,ma2c,954720,-1,-465.20750000000004,237.858169222695
1326,ma2c,955440,-1,-709.0158333333334,538.6022242025856
1327,ma2c,956160,-1,-1214.6786111111112,1124.8491034051654
1328,ma2c,956880,-1,-1224.7833333333335,1083.7579424032942
1329,ma2c,957600,-1,-456.1613888888889,243.83491024385035
1330,ma2c,958320,-1,-505.2991666666667,297.4582346021688
1331,ma2c,959040,-1,-485.70722222222224,267.25320776176034
1332,ma2c,959760,-1,-1329.618888888889,1292.2668922302084
1333,ma2c,960480,-1,-567.4066666666666,358.53644113565673
1334,ma2c,961200,-1,-540.1233333333334,363.1729064937404
1335,ma2c,961920,-1,-461.5747222222223,252.7910478261324
1336,ma2c,962640,-1,-541.7850000000001,362.09417697226536
1337,ma2c,963360,-1,-551.6619444444444,462.33389232914686
1338,ma2c,964080,-1,-424.3116666666667,229.91461187314255
1339,ma2c,964800,-1,-559.5763888888889,487.2614071958864
1340,ma2c,965520,-1,-530.9430555555556,348.905071030307
1341,ma2c,966240,-1,-668.9877777777778,544.2826701933835
1342,ma2c,966960,-1,-462.7286111111111,247.65345963723829
1343,ma2c,967680,-1,-455.53,242.0129665718118
1344,ma2c,968400,-1,-707.3213888888889,519.8796412934482
1345,ma2c,969120,-1,-437.34527777777777,226.4053274180097
1346,ma2c,969840,-1,-371.8308333333334,163.1343066119141
1347,ma2c,970560,-1,-850.7516666666668,813.8260691173516
1348,ma2c,971280,-1,-455.15361111111116,275.46010361103896
1349,ma2c,972000,-1,-475.1361111111111,253.08687512918232
1350,ma2c,972720,-1,-1152.0966666666668,1071.1641602532784
1351,ma2c,973440,-1,-462.675,299.0724470713112
1352,ma2c,974160,-1,-726.2025,715.996442763025
1353,ma2c,974880,-1,-608.0488888888889,450.006924945345
1354,ma2c,975600,-1,-774.4316666666667,753.8229110470472
1355,ma2c,976320,-1,-461.50444444444446,282.6501734225586
1356,ma2c,977040,-1,-504.9266666666667,334.1213676029848
1357,ma2c,977760,-1,-502.54083333333335,324.27902080251647
1358,ma2c,978480,-1,-683.6844444444445,593.7566267066202
1359,ma2c,979200,-1,-630.5161111111112,467.5114663672717
1360,ma2c,979920,-1,-692.8175,530.6690675975576
1361,ma2c,980640,-1,-795.3994444444444,749.6685049627099
1362,ma2c,981360,-1,-676.13,612.3578962502239
1363,ma2c,982080,-1,-421.34166666666664,216.2656348554815
1364,ma2c,982800,-1,-455.64777777777783,272.0510275778661
1365,ma2c,983520,-1,-434.50416666666666,222.24891996831693
1366,ma2c,984240,-1,-434.7983333333334,233.93527713047283
1367,ma2c,984960,-1,-572.4394444444445,477.70102202542523
1368,ma2c,985680,-1,-766.1933333333334,723.6233702386592
1369,ma2c,986400,-1,-803.6694444444445,690.8299877359457
1370,ma2c,987120,-1,-404.8283333333334,185.54327191460698
1371,ma2c,987840,-1,-570.6197222222222,376.8134802376525
1372,ma2c,988560,-1,-462.0969444444445,255.9445762304306
1373,ma2c,989280,-1,-871.991388888889,793.3850194530493
1374,ma2c,990000,-1,-851.5958333333333,794.0388727080859
1375,ma2c,990720,-1,-877.7311111111111,885.4652315333002
1376,ma2c,991440,-1,-447.33166666666665,248.55817158944683
1377,ma2c,992160,-1,-465.5097222222222,243.1970077368245
1378,ma2c,992880,-1,-552.9305555555555,394.3939852760354
1379,ma2c,993600,-1,-691.3169444444445,520.9734172591378
1380,ma2c,994320,-1,-617.8980555555556,499.28391766675566
1381,ma2c,995040,-1,-698.9155555555556,467.97712263910967
1382,ma2c,995760,-1,-493.9886111111111,251.04824908828425
1383,ma2c,996480,-1,-512.0705555555555,303.93466882013064
1384,ma2c,997200,-1,-454.1230555555556,263.1333680043834
1385,ma2c,997920,-1,-483.5491666666667,268.9573169862026
1386,ma2c,998640,-1,-403.38249999999994,196.5058321847952
1387,ma2c,999360,-1,-530.7458333333333,301.36602202743245
1388,ma2c,1000080,-1,-642.5986111111112,462.3954413321326
